product_id,product_category,original_price,discount_applied,units_sold
4548,Cameras,649.0,30,280
17178,Other Electronics,14.29,0,210
38047,Networking,89.99,0,88
39192,Cameras,49.99,30,292
17329,Phones,119.99,10,1164
1864,Other Electronics,89.05,5,1028
12263,Other Electronics,40.99,5,100
18441,Chargers & Cables,59.95,5,209
1241,Cameras,105.79,30,2884
12353,Speakers,149.95,0,94
25884,Other Electronics,7.29,30,713
14200,Phones,49.99,30,270
981,Storage,23.74,20,5104
10305,Cameras,25.99,0,305
3603,Cameras,132.99,20,621
13983,Speakers,149.95,15,126
35767,TV & Display,169.0,0,40
23034,Headphones,124.99,0,45
25266,Cameras,49.95,0,94
15618,Phones,26.66,5,54
6908,Laptops,39.99,5,324
19664,Printers & Scanners,27.33,20,228
16501,Power & Batteries,25.49,20,216
13633,Other Electronics,8.78,0,393
25776,Laptops,1899.0,20,72
28419,Phones,109.99,5,203
16086,Other Electronics,14.29,30,266
26880,Phones,15.87,30,5797
2208,Phones,34.99,30,1457
37244,Phones,34.99,20,268
38067,Power & Batteries,23.26,15,23881
39330,Other Electronics,12.23,5,560
14776,Phones,199.99,15,56
42148,Chargers & Cables,329.99,20,59
15612,Other Electronics,269.0,10,62
31704,Power & Batteries,23.26,40,32575
15166,Chargers & Cables,85.99,40,68
32189,Laptops,38.99,0,211
35590,Phones,13.99,40,668
33468,Printers & Scanners,609.0,40,81
6013,Storage,339.15,5,100
16707,Other Electronics,14.29,30,313
37359,Cameras,769.0,15,58
24833,Laptops,16.87,10,323
15691,Laptops,299.99,10,51
24715,Headphones,124.99,5,66
2638,Storage,84.99,5,540
39220,Laptops,1649.99,40,90
18882,Storage,93.99,10,128
9954,Chargers & Cables,19.99,0,291
34887,Phones,13.99,0,383
23239,Storage,99.99,15,1233
36808,Laptops,25.99,0,495
29190,Power & Batteries,23.26,10,22345
4160,Headphones,199.99,40,699
28587,Laptops,269.0,10,113
30677,Other Electronics,7.29,20,626
15558,Other Electronics,269.0,10,76
29226,Other Electronics,82.99,40,161
41503,Other Electronics,24.49,0,387
12155,Phones,185.0,30,147
31926,Laptops,269.0,15,95
2239,Cameras,69.95,20,676
7990,Cameras,69.95,0,473
28634,Laptops,659.0,15,64
165,Printers & Scanners,91.9,0,9920
22633,Phones,119.99,20,1258
2129,Phones,82.6,10,1140
23104,Storage,199.99,40,141
6534,Phones,179.99,30,137
14879,Other Electronics,40.99,20,133
36774,Other Electronics,24.99,40,486
18372,Other Electronics,129.94,10,117
38737,Phones,27.99,20,392
23677,Printers & Scanners,80.05,5,126
16066,TV & Display,24.99,30,279
32989,Power & Batteries,7.79,0,540
13553,Other Electronics,8.78,0,385
35693,Phones,27.99,30,451
36896,Networking,799.99,5,54
40136,Phones,179.95,40,3142
1261,Other Electronics,149.0,10,1178
38216,Other Electronics,24.99,0,292
5671,Other Electronics,14.15,40,1480
6273,Chargers & Cables,11.69,5,563
14819,Power & Batteries,112.08,40,167
27208,Phones,109.99,0,184
28026,Chargers & Cables,19.98,15,486
34595,TV & Display,59.99,10,97
28459,Other Electronics,54.99,15,121
23498,Storage,199.99,30,149
41319,Phones,219.99,40,170
6380,Cameras,69.95,10,551
28199,Power & Batteries,23.26,5,21300
41698,Storage,21.39,10,347
16596,Printers & Scanners,27.33,10,202
30390,Power & Batteries,7.79,5,514
39325,Laptops,949.0,30,84
16906,Other Electronics,14.29,10,240
38249,Laptops,321.89,30,73
36228,Headphones,19.99,30,63
28487,Speakers,69.99,30,416
41,Other Electronics,14.39,0,70111
3971,Other Electronics,39.99,20,1330
18591,Cameras,115.13,30,141
22148,Power & Batteries,17.99,5,95377
26458,Laptops,269.0,20,141
21432,Storage,199.99,30,130
35752,Phones,13.99,5,465
40557,Laptops,8.99,5,535
14784,Speakers,199.99,15,50
9997,Chargers & Cables,34.56,15,385
25645,Cameras,49.95,10,119
34063,Phones,119.99,30,1418
3267,Other Electronics,56.95,30,1471
3075,Other Electronics,569.95,20,64
13145,Phones,26.95,5,5378
40137,TV & Display,148.9,30,151
31735,TV & Display,79.0,10,128
5800,Phones,9.79,40,1602
17515,TV & Display,24.99,40,327
6654,Other Electronics,13.59,40,1289
25084,Laptops,24.99,0,289
30031,Laptops,539.99,5,31
35947,Smart Home,184.95,40,175
19883,Laptops,349.0,0,41
11026,Other Electronics,274.95,40,172
31075,Power & Batteries,16.61,10,1139
35733,Smart Home,184.95,15,96
22840,Cameras,269.95,10,114
4168,Storage,119.99,0,50
41179,Cameras,499.99,5,60
41758,Other Electronics,9.1,20,758
19294,Storage,93.99,30,157
266,Power & Batteries,6.59,10,33777
39961,Printers & Scanners,239.99,5,94
30142,Printers & Scanners,609.0,30,73
13486,Speakers,149.95,15,125
38138,Laptops,949.0,15,78
17073,Printers & Scanners,27.33,30,289
34930,Laptops,139.99,15,117
31557,Laptops,29.99,5,206
8934,Phones,23.99,10,1048
36628,Phones,13.99,5,450
2034,Power & Batteries,25.47,5,21226
8129,Cameras,74.99,30,429
29900,Other Electronics,7.29,20,609
2337,Phones,119.99,20,1261
23462,Laptops,39.99,10,117
8582,Cameras,349.99,30,68
34281,Phones,32.99,20,509
33039,Cameras,74.99,15,247
34294,Networking,143.95,20,225
32412,Chargers & Cables,19.98,15,523
523,TV & Display,16.88,10,7864
3834,Phones,153.47,5,422
14327,Other Electronics,33.9,5,127
1901,Power & Batteries,19.98,20,126781
37252,Other Electronics,89.95,15,103
11166,Headphones,99.99,0,84
10962,Laptops,36.99,40,290
1028,Networking,69.99,0,3063
32452,Laptops,38.99,40,341
23422,Power & Batteries,16.61,0,956
40758,Cameras,59.99,5,218
27344,Chargers & Cables,19.98,30,590
26241,Power & Batteries,23.26,5,21142
30005,Headphones,199.95,40,171
35425,Cameras,769.0,30,68
42472,Chargers & Cables,22.99,15,469
13096,TV & Display,179.99,20,73
38417,Phones,27.99,0,313
8643,Other Electronics,169.95,15,120
37020,Cameras,769.0,15,56
3682,Phones,85.0,20,880
12122,Chargers & Cables,579.99,15,72
39334,TV & Display,29.98,20,371
18596,Other Electronics,14.29,10,260
24447,Laptops,1899.0,20,67
22758,Other Electronics,475.0,40,75
28451,Laptops,38.99,0,207
34075,Chargers & Cables,19.98,30,595
31749,Networking,78.99,30,259
13626,TV & Display,179.99,0,35
7141,Phones,119.99,30,1427
18437,Cameras,66.01,20,122
8100,Networking,79.99,40,301
39106,Speakers,32.99,10,231
28897,Other Electronics,77.0,40,140
17675,Cameras,66.01,30,122
26750,Speakers,69.99,10,350
4079,Phones,29.19,0,988
5979,Phones,34.99,10,555
29122,Phones,179.99,15,129
10366,TV & Display,199.0,5,51
22346,Power & Batteries,17.99,15,107282
38676,Printers & Scanners,229.99,0,79
4850,Speakers,39.0,30,680
18017,Chargers & Cables,59.95,30,299
4612,Power & Batteries,5.35,10,2383
38677,Laptops,34.99,20,369
27276,Power & Batteries,40.99,40,291
19173,Cameras,115.13,5,110
6241,Power & Batteries,16.19,20,1267
32129,Phones,109.99,0,203
7865,Phones,6.99,40,1520
5754,Other Electronics,19.99,30,713
21959,Power & Batteries,17.99,10,101263
21159,Power & Batteries,28.91,40,321
34153,Laptops,131.89,30,291
39281,Smart Home,184.95,20,134
11016,TV & Display,9.95,20,496
29042,Phones,79.95,5,112
3349,Phones,119.99,5,1115
8729,Laptops,615.0,10,73
28135,Other Electronics,206.96,40,166
31935,Laptops,145.0,5,82
7430,Phones,49.99,20,2524
31838,Laptops,131.89,40,328
29008,Laptops,131.89,20,272
3208,Cameras,69.95,0,494
25126,Power & Batteries,16.61,20,1313
38794,Phones,49.99,10,3374
2936,Other Electronics,26.99,15,1280
37909,Smart Home,184.95,0,91
29583,Power & Batteries,23.26,0,20048
25726,Phones,49.99,10,3301
17930,Other Electronics,14.29,40,324
10740,Phones,100.0,40,81
10801,Laptops,69.99,10,114
31210,Cameras,74.99,5,232
42369,Phones,144.0,0,87
24038,Laptops,1899.0,5,59
34158,Chargers & Cables,34.99,20,393
32827,Other Electronics,7.29,0,472
18212,Cameras,115.0,0,96
10291,Cameras,508.0,30,69
20778,Power & Batteries,28.91,15,263
22066,Headphones,124.99,40,81
2809,Phones,39.99,0,991
11842,Power & Batteries,25.99,40,302
41865,Laptops,79.99,20,127
2365,Phones,95.0,40,1611
22046,Laptops,16.87,5,318
3107,Phones,12.99,5,3207
33172,Other Electronics,54.99,30,122
7919,Laptops,314.32,15,105
13655,Headphones,99.99,20,113
19836,Power & Batteries,28.91,5,197
10038,Other Electronics,26.97,10,248
4233,Cameras,69.95,20,648
39411,Networking,89.99,40,149
9790,Cameras,15.99,20,484
2058,Laptops,24.99,15,2343
13221,Speakers,199.99,5,43
28415,Wearables,699.99,20,56
3773,Laptops,579.99,40,323
10229,Laptops,389.99,30,75
28332,Wearables,699.99,30,55
31835,TV & Display,79.0,5,116
2956,Power & Batteries,16.19,30,1395
32372,Phones,32.99,10,443
25756,Phones,85.0,15,848
10584,Networking,249.99,30,71
19404,Storage,93.99,30,111
21482,Printers & Scanners,80.05,10,113
11062,Networking,39.99,15,331
26582,Headphones,199.95,20,128
42187,Phones,219.99,15,112
24085,Power & Batteries,16.61,0,971
3147,Phones,109.99,5,499
42270,Other Electronics,9.1,5,644
17143,Cameras,115.3,0,109
21667,Laptops,39.99,10,95
40210,Other Electronics,12.23,0,505
25744,Other Electronics,475.0,20,62
41616,Cameras,89.99,20,244
18921,Cameras,115.13,5,111
35492,Laptops,321.89,20,66
446,Chargers & Cables,144.99,5,4149
6174,Power & Batteries,25.47,0,19891
13269,Phones,9.95,0,282
39202,Speakers,32.99,30,257
31934,Phones,179.99,30,140
2301,Chargers & Cables,12.99,0,1936
34102,Phones,39.99,5,446
34958,Gaming,179.99,0,89
14734,Laptops,50.5,0,118
15683,Power & Batteries,6.95,40,976
25701,Chargers & Cables,34.99,10,238
253,Other Electronics,24.49,0,9948
28341,Other Electronics,77.0,20,127
32363,Laptops,539.99,5,43
40954,Storage,21.39,10,327
1533,Power & Batteries,25.47,30,28471
20915,Other Electronics,129.94,15,121
2138,Laptops,129.99,5,520
37671,Speakers,32.99,20,246
13803,Power & Batteries,6.95,5,618
29914,Laptops,38.99,30,300
9146,Laptops,149.99,20,126
31523,Laptops,38.99,20,247
30987,Printers & Scanners,609.0,15,49
30748,Cameras,23.99,5,466
16669,Other Electronics,129.94,40,137
15931,Headphones,199.95,15,61
40067,Other Electronics,169.95,40,146
15832,Other Electronics,27.49,15,225
36113,Cameras,769.0,5,45
8388,Other Electronics,29.99,0,105
6245,Laptops,333.89,0,96
3167,Smart Home,29.99,30,1422
37226,Laptops,45.99,15,237
3854,Other Electronics,22.99,10,1124
546,Phones,119.99,15,1223
37725,Other Electronics,55.99,15,343
5275,Smart Home,35.63,15,590
35414,TV & Display,29.98,40,686
24462,Power & Batteries,25.47,30,28433
38000,Laptops,1649.99,0,53
30537,Laptops,29.99,30,265
26692,Phones,71.99,30,147
1109,Printers & Scanners,30.72,30,5844
1265,Gaming,29.99,0,3926
38658,Phones,18.98,0,483
33875,Chargers & Cables,19.98,15,497
15855,Phones,9.95,30,420
8366,Phones,29.99,10,312
10670,Laptops,34.95,40,299
8500,Phones,27.95,40,670
33865,Phones,119.99,0,973
39579,Power & Batteries,23.26,5,21332
36110,Networking,89.99,5,112
31553,Laptops,38.99,5,201
27199,Laptops,269.0,20,130
15106,Laptops,43.99,15,238
33623,Other Electronics,7.29,5,504
35620,Phones,57.99,15,240
32040,Power & Batteries,23.26,5,21512
38681,Laptops,1649.99,10,61
11216,Chargers & Cables,579.99,15,62
38752,TV & Display,29.98,5,315
28506,Other Electronics,206.96,40,160
255,Cameras,968.0,0,1940
35107,Networking,89.99,15,134
830,Other Electronics,21.99,40,8104
28793,Laptops,145.0,40,134
7375,Other Electronics,9.49,40,835
38671,TV & Display,29.98,20,372
18160,Laptops,369.0,0,51
40554,Speakers,32.99,0,194
3085,Other Electronics,398.99,30,591
1690,Power & Batteries,16.19,20,1241
35826,Other Electronics,55.99,40,458
30830,Laptops,131.89,0,200
34567,Gaming,179.99,0,117
25195,Laptops,39.99,40,164
18813,Laptops,389.99,40,70
14220,Power & Batteries,6.95,5,637
5635,Laptops,34.99,5,185
36025,TV & Display,169.0,15,53
31255,Phones,39.99,15,458
16051,Laptops,369.0,15,61
33774,Other Electronics,54.99,5,115
29088,Laptops,43.99,40,324
17560,Power & Batteries,25.49,15,235
22370,Laptops,39.99,0,88
40335,Phones,219.99,5,102
41889,Printers & Scanners,245.0,15,124
31654,Phones,79.95,0,106
11151,Chargers & Cables,23.98,15,461
7138,Phones,33.14,10,586
41934,Printers & Scanners,229.99,40,167
10798,Phones,159.95,40,142
24776,Cameras,49.95,15,127
32559,Speakers,109.99,10,124
8172,Laptops,39.99,15,368
2490,Other Electronics,36.29,30,1410
21166,TV & Display,24.99,30,271
35140,Other Electronics,19.88,40,462
7390,Other Electronics,9.49,20,630
41072,Headphones,59.0,30,451
25024,Storage,59.99,30,134
28186,Power & Batteries,7.79,15,605
23000,Laptops,16.87,5,325
20040,Cameras,115.13,5,108
5796,Other Electronics,11.64,10,549
37476,Other Electronics,12.23,5,550
35971,Smart Home,184.95,0,113
2777,TV & Display,59.99,20,934
19460,TV & Display,24.99,30,283
33037,Wearables,699.99,20,58
1070,Gaming,249.99,0,1012
8524,Storage,32.99,30,404
6933,Networking,299.99,10,101
17057,TV & Display,24.99,0,180
2133,Other Electronics,102.99,0,880
1123,Laptops,359.99,20,1287
30318,Laptops,131.89,15,225
15058,Phones,185.0,20,113
31874,Power & Batteries,40.99,40,347
10716,Phones,47.99,20,130
17091,Chargers & Cables,59.95,5,197
8515,Power & Batteries,16.19,0,993
21199,Other Electronics,129.94,20,128
11129,Phones,26.95,0,4922
42471,Laptops,282.04,40,140
27552,Laptops,43.99,5,201
17009,Laptops,389.99,0,45
26371,Phones,119.99,20,1295
8254,Laptops,134.99,0,102
34741,Phones,13.99,30,585
33896,Laptops,29.99,40,336
38683,Cameras,769.0,5,55
42386,Laptops,429.0,15,60
24945,Cameras,49.95,0,95
42647,Cameras,89.99,20,231
26219,Wearables,699.99,5,58
13293,Phones,199.99,20,68
25553,Storage,199.99,20,118
5973,Phones,129.95,0,213
34144,Phones,109.99,20,243
39427,Laptops,321.89,0,47
7929,Phones,59.99,15,516
17774,Laptops,389.99,30,91
31234,Laptops,539.99,20,55
25257,Chargers & Cables,34.99,20,275
18824,Power & Batteries,25.49,20,270
34443,Laptops,43.99,10,234
1527,Chargers & Cables,53.99,10,2219
4872,Speakers,32.99,5,580
17410,Cameras,115.3,30,131
31693,Wearables,699.99,30,86
35472,Other Electronics,55.99,10,349
15193,Laptops,50.5,5,124
2731,Phones,119.99,10,1199
20844,Storage,93.99,15,133
18612,Cameras,115.13,5,101
3224,Phones,119.99,30,1402
18307,TV & Display,24.99,30,257
20426,Other Electronics,14.29,10,218
24402,Printers & Scanners,14.99,15,322
18518,Other Electronics,129.94,10,114
26585,TV & Display,79.0,40,155
20363,Other Electronics,129.94,0,114
3433,Phones,117.95,0,678
25323,Cameras,49.95,15,134
4481,Chargers & Cables,102.99,20,538
16472,Cameras,115.3,20,150
4793,Laptops,75.0,0,518
18157,Other Electronics,129.94,0,99
38566,TV & Display,29.98,20,398
23026,Laptops,39.99,5,104
16101,Chargers & Cables,59.95,20,241
34603,Cameras,769.0,10,53
40720,Phones,599.95,5,48
2976,Laptops,265.68,10,398
28908,Phones,179.99,0,97
22582,Laptops,39.99,5,115
10654,Other Electronics,289.99,10,110
7418,TV & Display,229.99,10,135
28405,Phones,39.99,5,431
25643,Cameras,269.95,15,142
8940,Other Electronics,158.0,40,166
12153,Storage,26.99,20,241
29355,Phones,32.99,30,552
32161,Laptops,43.99,10,239
36543,Other Electronics,24.99,20,408
35814,Laptops,949.0,40,78
29463,Other Electronics,82.99,30,150
9835,Headphones,399.99,20,72
26803,Phones,109.99,0,188
26031,Other Electronics,77.0,30,146
10792,Other Electronics,159.0,40,74
34426,Power & Batteries,16.61,20,1322
42048,Laptops,8.99,10,593
32979,Cameras,74.99,30,294
41279,Laptops,282.04,0,83
23142,Power & Batteries,25.47,5,21183
27719,Speakers,69.99,10,351
8317,Cameras,69.95,0,462
25056,Power & Batteries,17.99,0,90161
34254,Laptops,43.99,30,307
7630,Cameras,149.95,20,253
29491,Phones,79.95,5,117
21707,Laptops,16.87,10,348
38160,Speakers,32.99,10,215
11464,Storage,29.99,20,269
24600,Other Electronics,475.0,5,58
7699,TV & Display,29.98,30,587
40654,Printers & Scanners,229.99,10,116
30512,Other Electronics,7.29,5,505
37518,Phones,18.98,30,752
14469,Power & Batteries,6.95,30,891
8050,Phones,9.99,40,1115
3012,Power & Batteries,25.47,10,22381
41443,Phones,599.95,20,72
25030,Chargers & Cables,34.99,15,245
5880,Other Electronics,62.34,10,687
1679,Storage,8.69,40,6534
24800,Chargers & Cables,34.99,0,211
11223,Other Electronics,27.49,0,238
2660,Wearables,179.95,30,727
28643,Headphones,199.95,15,126
9058,Other Electronics,519.99,40,75
7629,Phones,79.98,10,197
15680,Laptops,43.99,0,194
33444,Power & Batteries,23.26,0,20107
37546,Other Electronics,89.95,10,121
24612,Chargers & Cables,34.99,40,323
42530,Power & Batteries,14.99,5,6414
22715,Storage,119.99,30,70
25586,Headphones,124.99,10,48
26862,Cameras,74.99,5,221
28347,Laptops,97.0,30,258
24744,Printers & Scanners,80.05,15,125
4321,Chargers & Cables,39.99,20,693
3633,Laptops,13.99,30,1426
17284,Power & Batteries,28.91,15,236
29447,Laptops,43.99,20,249
34793,TV & Display,29.98,0,429
23418,Cameras,119.99,0,91
4659,TV & Display,239.99,0,308
19804,Other Electronics,129.94,30,158
11462,Other Electronics,8.94,5,487
36968,Laptops,45.99,20,275
28390,Cameras,74.99,0,212
1694,Other Electronics,40.99,40,3278
24267,Cameras,119.99,10,99
3254,Other Electronics,32.38,20,1333
22424,Headphones,213.0,20,71
11858,TV & Display,179.99,5,43
26268,Chargers & Cables,19.98,15,491
17439,Printers & Scanners,27.33,5,198
37482,Laptops,34.99,0,266
41229,Phones,39.95,10,325
19980,Laptops,349.0,10,52
26683,Other Electronics,54.99,40,158
24671,Headphones,213.0,40,83
7024,Other Electronics,221.3,0,208
4057,Other Electronics,134.99,10,584
35505,Other Electronics,24.99,5,317
6998,Laptops,249.0,30,129
38254,Other Electronics,20.95,5,325
1635,Other Electronics,25.49,30,4311
13348,Other Electronics,45.99,0,95
6240,Power & Batteries,25.47,10,22305
17941,Chargers & Cables,59.95,40,271
18561,Laptops,389.99,20,61
11258,Storage,29.99,40,327
18943,Other Electronics,129.94,15,130
37726,Networking,89.99,20,115
41537,Chargers & Cables,1099.99,30,75
10656,Power & Batteries,4.95,5,480
41003,Other Electronics,9.1,5,653
13820,Cameras,34.99,40,335
38719,Laptops,45.99,5,205
40608,Chargers & Cables,22.99,40,603
15260,Laptops,43.99,40,326
14546,Headphones,99.99,5,105
28637,Wearables,699.99,15,60
10060,Headphones,213.0,0,38
9459,Gaming,179.99,5,98
17787,Other Electronics,14.29,30,309
20943,Other Electronics,129.94,10,102
21612,Phones,8.99,40,821
26489,Power & Batteries,40.99,15,242
14067,Phones,23.99,40,1578
7873,Phones,49.99,30,2769
26664,Other Electronics,206.96,40,152
6561,Cameras,299.0,30,159
10788,Wearables,49.99,40,171
8059,Other Electronics,77.0,5,101
27616,Wearables,699.99,10,66
6991,Printers & Scanners,24.08,5,421
21540,Power & Batteries,25.47,40,32315
5426,Phones,49.99,30,2948
5652,Other Electronics,14.29,0,979
8197,Phones,59.99,15,515
12264,Headphones,99.99,40,166
1205,Other Electronics,549.99,0,516
19253,Printers & Scanners,27.33,40,335
5465,Laptops,299.0,15,223
28606,Cameras,74.99,5,259
4670,Wearables,47.95,5,559
20203,Chargers & Cables,85.99,40,74
8803,Other Electronics,54.99,15,356
41509,Other Electronics,12.23,10,554
39604,Other Electronics,12.23,10,537
24539,Storage,199.99,40,200
39370,Other Electronics,269.99,40,167
38826,Power & Batteries,9.99,40,1650
7612,Other Electronics,55.39,5,304
39809,Laptops,321.89,5,45
209,Other Electronics,26.99,0,9952
4451,TV & Display,2497.97,30,70
22622,Cameras,49.95,5,110
15122,Chargers & Cables,579.99,15,51
4008,Phones,8.99,10,1144
21646,Cameras,269.95,10,125
13403,Speakers,199.99,40,83
4327,Power & Batteries,16.19,0,971
30522,Other Electronics,206.96,40,153
23346,Storage,59.99,10,114
2824,Chargers & Cables,39.99,10,1039
271,Phones,69.0,30,11452
6647,Laptops,199.99,20,245
14662,Phones,24.96,15,537
41622,Power & Batteries,23.26,30,28734
39107,Phones,119.99,40,160
37405,Laptops,1649.99,20,63
29898,Power & Batteries,40.99,10,207
8964,Laptops,29.99,0,290
32124,Laptops,539.99,0,43
12773,Power & Batteries,25.99,10,272
15340,Other Electronics,103.99,5,111
24348,Other Electronics,475.0,20,74
38882,Other Electronics,269.99,10,119
29575,Phones,39.99,0,442
39030,Laptops,25.99,0,500
23693,Laptops,24.99,20,407
20010,Cameras,115.13,15,126
21999,Power & Batteries,25.47,10,22417
16730,Laptops,369.0,30,69
7547,Phones,159.0,40,143
3300,Phones,109.0,10,710
25807,Storage,99.99,15,1204
6711,Laptops,50.99,20,408
20390,Phones,49.97,20,3782
24248,Cameras,269.95,0,110
9215,Laptops,529.99,15,67
41461,Other Electronics,12.23,20,662
11904,Chargers & Cables,12.8,5,321
34871,Phones,57.99,10,218
3272,Laptops,149.0,0,394
12605,Speakers,199.99,30,69
39408,Laptops,34.99,15,344
37393,Other Electronics,212.06,0,91
36411,Phones,119.99,20,130
11264,Phones,49.99,40,329
10760,Speakers,349.99,20,61
31504,Speakers,109.99,30,144
23581,Headphones,213.0,30,69
9244,Power & Batteries,44.99,30,290
33091,Laptops,539.99,30,74
31258,Networking,78.99,30,304
14202,Phones,23.99,5,1141
126,TV & Display,97.99,10,11172
7652,Phones,119.99,15,1212
37984,Phones,57.99,0,189
30571,Laptops,269.0,30,138
35163,Laptops,25.99,10,563
15306,Phones,49.99,20,244
32807,Phones,39.99,10,471
31295,Phones,179.95,30,12837
16915,TV & Display,24.99,40,335
28747,Power & Batteries,16.61,0,992
11934,Other Electronics,33.9,30,131
16984,Cameras,115.3,10,102
37597,Storage,99.99,20,1293
11616,Power & Batteries,112.08,10,115
4600,Laptops,19.99,30,1470
15795,Phones,49.99,15,275
28396,Phones,32.99,10,473
26142,Other Electronics,54.99,15,110
36760,Laptops,949.0,30,74
37379,Other Electronics,55.99,10,330
14097,Chargers & Cables,85.99,20,71
26301,Other Electronics,7.29,5,555
5604,Phones,119.99,5,1078
20008,Other Electronics,129.94,15,124
927,Chargers & Cables,44.99,30,5752
22432,Cameras,269.95,15,128
395,Cameras,289.0,30,2819
8979,Other Electronics,14.35,30,581
33371,Wearables,699.99,5,47
18867,Cameras,115.13,20,130
26080,Phones,109.99,20,263
8323,Phones,179.99,10,110
35161,Phones,13.99,15,450
14231,Other Electronics,33.9,20,135
10192,Chargers & Cables,8.98,40,629
16490,Laptops,389.99,0,43
18674,Cameras,66.01,10,104
4579,Power & Batteries,5.06,10,2166
29091,Laptops,29.99,5,185
8526,Phones,239.95,15,111
10691,Laptops,39.99,40,348
39705,Other Electronics,269.99,20,128
22083,Cameras,49.95,20,121
23222,Laptops,16.87,30,433
42525,Laptops,649.99,10,112
35665,Networking,89.99,15,122
34181,Phones,32.99,15,456
15298,Other Electronics,8.78,15,458
9508,Laptops,11.99,30,536
31218,Other Electronics,77.0,5,114
13646,Other Electronics,33.9,20,133
39703,Phones,18.98,15,643
911,Laptops,759.0,40,800
12374,Chargers & Cables,12.8,40,487
14710,Laptops,50.5,30,144
13990,Headphones,99.99,5,89
34758,Gaming,179.99,30,127
19872,TV & Display,360.95,0,56
6836,Phones,300.0,10,84
18580,Cameras,66.01,20,119
3457,Cameras,747.49,30,259
1733,Other Electronics,15.0,30,7179
28893,Headphones,199.95,20,124
39451,Laptops,949.0,10,59
9716,Chargers & Cables,11.34,0,434
15892,Laptops,49.99,40,144
11330,Phones,9.95,40,477
19438,Laptops,389.99,5,60
30269,Speakers,69.99,30,394
942,Cameras,97.99,10,2204
368,Phones,129.95,5,206
39761,Laptops,321.89,40,84
6555,Laptops,349.0,5,93
761,TV & Display,189.99,5,2205
22336,Headphones,213.0,0,52
14686,Laptops,50.5,0,89
34504,Phones,25.99,5,313
5159,Laptops,372.0,15,115
31721,Phones,179.95,20,11382
5953,Wearables,149.95,40,320
24962,Cameras,119.99,40,167
32271,Other Electronics,206.96,0,103
8278,TV & Display,12.34,15,570
36208,TV & Display,169.0,15,67
9481,Other Electronics,349.95,30,118
4462,Phones,9.63,20,1227
27066,Chargers & Cables,19.98,5,413
8899,Laptops,99.85,30,77
9273,Phones,22.99,30,304
30932,Laptops,38.99,15,230
33654,Phones,39.99,15,480
21035,Phones,199.95,15,118
9795,Headphones,199.99,5,102
5740,Cameras,91.99,5,447
37090,Laptops,321.89,30,79
17721,Cameras,115.0,30,140
12628,Other Electronics,659.0,0,56
5347,Phones,319.99,40,163
31061,TV & Display,79.0,40,194
27663,Power & Batteries,23.26,40,32063
15324,Headphones,99.99,0,99
35608,Networking,89.99,40,142
8957,Other Electronics,349.0,15,107
6223,Cameras,69.95,5,547
11047,Headphones,179.99,5,50
1566,Power & Batteries,25.47,40,32301
34815,Phones,25.99,30,449
14571,Phones,9.95,20,392
34889,Laptops,25.99,15,580
2504,Power & Batteries,16.19,0,996
4629,Networking,59.99,20,647
9689,Phones,51.99,5,218
38839,TV & Display,29.98,40,443
21177,Cameras,115.03,0,88
10605,Other Electronics,112.99,15,60
2625,Power & Batteries,10.98,5,3042
33704,Cameras,23.99,40,663
18720,Cameras,115.13,15,100
13716,Power & Batteries,6.95,30,847
12572,Other Electronics,27.49,20,247
27116,Laptops,38.99,20,262
20416,Laptops,389.99,20,55
27835,Wearables,699.99,10,60
282,Cameras,29.99,40,16071
16185,Chargers & Cables,59.95,15,230
20713,Other Electronics,129.94,20,131
5463,Laptops,399.89,40,150
39735,Smart Home,184.95,30,147
5355,Laptops,208.09,20,261
39365,Cameras,769.0,15,67
34073,Speakers,109.99,40,165
42167,Printers & Scanners,239.99,20,138
37138,Laptops,321.89,15,50
30758,Phones,39.99,5,462
19330,Other Electronics,14.29,30,280
12456,Other Electronics,33.9,40,159
12788,Other Electronics,40.99,15,142
8868,Laptops,179.14,15,49
33634,Laptops,539.99,10,67
31298,Power & Batteries,16.61,40,1590
15584,Cameras,122.0,5,119
26852,Power & Batteries,23.26,40,32629
37744,Other Electronics,12.23,30,738
2215,Chargers & Cables,389.99,10,591
9744,Speakers,699.49,40,89
19298,Laptops,389.99,40,71
33048,Phones,32.99,20,453
6995,Cameras,69.95,15,567
2294,Chargers & Cables,46.95,30,1472
34696,TV & Display,169.0,5,53
2659,Other Electronics,6.99,10,2288
40247,Headphones,59.0,15,364
4577,TV & Display,149.99,0,289
29176,Power & Batteries,7.79,30,732
30521,Laptops,145.0,10,117
33450,Other Electronics,77.0,5,94
133,Laptops,93.89,10,11113
23253,Cameras,49.95,10,123
39362,Networking,89.99,10,114
39279,Phones,57.99,20,260
5395,Power & Batteries,16.19,0,987
3068,Power & Batteries,11.47,5,3194
30429,Other Electronics,206.96,5,114
39430,TV & Display,29.98,5,332
30475,Laptops,97.05,15,278
22030,Power & Batteries,17.99,30,128818
17689,Cameras,115.0,5,100
25390,Cameras,49.95,30,141
40117,Printers & Scanners,229.99,5,121
2623,Other Electronics,89.99,0,990
33254,Power & Batteries,7.79,15,613
13932,Phones,9.95,15,366
34918,Other Electronics,269.99,10,123
31602,Phones,32.99,20,514
28281,Other Electronics,77.0,15,124
6890,Cameras,2599.0,15,62
26940,Power & Batteries,23.26,0,20024
31124,Power & Batteries,23.26,5,21312
28996,Laptops,269.0,40,153
6829,Other Electronics,70.0,15,359
886,Cameras,69.95,15,548
23312,Laptops,16.87,40,504
30648,Power & Batteries,16.61,20,1304
932,Phones,879.99,30,712
14083,Phones,18.99,0,1977
16172,Storage,93.99,40,141
4983,Networking,14.99,40,1627
12843,Other Electronics,40.99,20,132
14850,TV & Display,179.99,15,63
13392,Speakers,149.95,15,105
7264,Chargers & Cables,226.99,0,111
8365,Chargers & Cables,22.99,10,455
9366,Wearables,299.95,10,49
21213,Storage,93.99,40,155
40528,Cameras,89.99,15,229
36554,Phones,26.66,40,154
41896,Other Electronics,9.1,40,947
41021,Phones,144.0,15,134
38441,Laptops,99.99,20,238
15649,Phones,199.99,30,71
41388,Power & Batteries,23.26,30,28451
41856,Cameras,499.99,20,69
13700,Laptops,16.89,40,79
25692,Power & Batteries,25.47,20,25555
606,TV & Display,179.99,5,4268
34661,Phones,18.98,15,617
25402,Laptops,24.99,5,362
9843,Power & Batteries,25.47,10,22235
15071,Other Electronics,33.9,15,112
6996,Chargers & Cables,107.99,15,264
17957,Storage,93.99,0,93
2469,Smart Home,239.99,15,476
37311,Speakers,32.99,10,196
11246,TV & Display,179.99,30,47
5713,Cameras,69.95,30,759
1745,Smart Home,79.99,40,1620
25822,Phones,85.0,15,825
449,Power & Batteries,25.47,30,29001
19369,Cameras,66.22,5,104
37008,Other Electronics,12.23,40,787
29802,Power & Batteries,16.61,15,1164
9989,Phones,9.39,5,317
472,Networking,139.99,20,3833
25473,Laptops,24.99,20,354
16045,Laptops,389.99,0,44
35239,Other Electronics,19.88,15,382
12765,Other Electronics,27.49,20,255
5058,Other Electronics,289.99,20,274
4487,Laptops,179.99,30,391
27412,Phones,238.0,0,51
17488,Storage,93.99,0,99
9175,Laptops,99.99,30,307
13174,Chargers & Cables,85.99,15,59
14534,Networking,89.99,5,111
10930,Other Electronics,12.99,40,441
6894,Phones,119.99,15,1231
31962,Laptops,145.0,5,96
1741,Other Electronics,8.79,0,3930
40979,Other Electronics,9.1,10,697
17176,Cameras,69.95,15,458
1131,Power & Batteries,25.47,10,22754
22527,Cameras,49.95,5,98
32694,Laptops,269.0,15,119
30416,Speakers,69.99,10,340
2526,TV & Display,219.0,10,529
11125,Cameras,19.95,40,342
35491,Other Electronics,12.23,15,576
9007,Cameras,169.99,10,106
24707,Printers & Scanners,80.05,40,164
32283,Laptops,29.99,40,340
27127,Other Electronics,54.99,15,138
1429,Other Electronics,148.75,10,1089
31301,Laptops,145.0,40,173
42341,Printers & Scanners,229.99,0,87
10826,Phones,23.99,15,224
3600,Laptops,59.99,0,1014
30474,Chargers & Cables,34.99,30,426
38186,Phones,119.99,20,108
22686,Cameras,49.95,0,110
8244,Power & Batteries,25.47,10,22608
36815,Networking,799.99,5,63
41809,Laptops,282.04,30,130
26712,Laptops,29.99,0,202
31730,Phones,109.99,40,335
26104,Laptops,38.99,30,257
28115,Laptops,15.96,0,9900
10669,Phones,89.95,40,175
37128,Phones,18.98,0,514
35815,Power & Batteries,44.99,5,211
14887,Speakers,199.99,5,52
18187,Other Electronics,129.94,40,161
15888,Other Electronics,269.0,0,46
34025,Laptops,38.99,20,264
6076,Power & Batteries,16.19,5,1013
31283,Speakers,69.99,5,297
16365,Other Electronics,129.94,5,105
5680,Cameras,69.95,15,609
22993,Laptops,39.99,30,138
25166,Laptops,16.87,0,299
10419,Chargers & Cables,579.99,20,67
41380,Printers & Scanners,239.99,5,112
28830,Headphones,199.95,15,126
31588,Other Electronics,7.29,30,688
23403,Laptops,16.87,10,323
12287,Other Electronics,40.99,40,153
30007,Phones,32.99,10,463
41967,Other Electronics,24.49,5,413
32261,Chargers & Cables,34.99,20,390
18665,Other Electronics,14.29,20,275
25639,Chargers & Cables,34.99,30,302
35041,Phones,13.99,30,556
40888,Cameras,499.99,0,54
4605,Cameras,69.95,40,767
15598,Other Electronics,40.99,40,160
31751,Laptops,634.99,5,54
10179,Other Electronics,38.09,10,110
17636,Other Electronics,129.94,0,93
16381,Cameras,66.01,20,120
3550,Phones,132.99,0,517
30692,Phones,32.99,10,465
23708,Cameras,49.95,20,139
8715,Phones,399.95,30,159
23032,Cameras,269.95,15,126
40871,Phones,144.0,15,103
12858,Power & Batteries,25.47,30,28567
1505,Laptops,2399.99,5,203
3621,Other Electronics,93.58,0,517
6477,Other Electronics,95.82,20,411
29461,Power & Batteries,16.61,30,1452
236,Phones,27.99,40,16345
41918,Phones,39.95,30,394
33976,Phones,129.95,5,226
2286,Phones,119.99,0,1038
42598,Chargers & Cables,329.99,30,74
3574,Laptops,99.95,40,921
829,Other Electronics,59.99,10,3411
9527,Phones,26.95,40,8202
34453,Speakers,109.99,30,144
22753,Storage,199.99,20,121
5534,Laptops,17.45,40,832
1618,Laptops,9.99,0,5103
18047,Chargers & Cables,59.95,40,329
41587,Storage,21.39,20,386
31490,Laptops,38.99,40,309
8933,Storage,199.99,0,85
23954,Headphones,124.99,10,56
28191,Phones,39.99,20,560
3158,Laptops,229.99,15,495
21372,Power & Batteries,28.91,30,293
18781,Power & Batteries,16.61,10,1102
10429,Headphones,192.47,0,99
4762,Wearables,83.89,20,480
26929,Other Electronics,54.99,30,143
26608,Laptops,43.99,10,230
25895,Other Electronics,206.96,0,91
20215,Other Electronics,14.29,40,307
29144,Laptops,269.0,15,104
36953,Phones,34.99,40,341
32932,Other Electronics,7.29,15,599
18520,Cameras,115.13,0,119
36134,Networking,89.99,15,102
32438,Laptops,97.05,10,204
35283,Laptops,25.99,30,717
35217,Smart Home,184.95,40,161
32109,Laptops,29.99,15,229
19900,Other Electronics,129.94,30,141
16094,TV & Display,24.99,5,235
21744,Storage,199.99,15,123
33406,Cameras,74.99,5,228
23610,Power & Batteries,25.47,30,28733
27214,Cameras,23.99,20,492
23235,Laptops,24.99,30,436
19657,Laptops,389.99,10,46
30596,Phones,32.99,20,506
30686,Cameras,74.99,40,299
26780,Phones,32.99,20,526
24608,Cameras,119.99,40,140
42381,Chargers & Cables,1099.99,15,76
20247,Cameras,66.22,15,125
10084,Phones,23.99,15,1206
20103,Other Electronics,14.29,40,330
6952,Other Electronics,119.99,30,437
23073,Other Electronics,475.0,20,69
7029,Cameras,29.99,10,367
33,Other Electronics,20.0,10,78951
37100,Speakers,32.99,40,312
35354,Laptops,321.89,5,55
30544,Speakers,109.99,40,144
18516,Chargers & Cables,59.95,0,193
35477,Phones,27.99,10,346
36997,Phones,27.99,15,370
28818,Headphones,129.99,5,543
24933,Cameras,119.99,40,154
16714,Phones,29.99,15,356
2675,Phones,34.99,20,1309
39903,Chargers & Cables,22.99,20,546
9840,Speakers,50.02,30,278
8941,Power & Batteries,19.17,15,589
7223,Laptops,449.0,10,119
27225,Power & Batteries,16.61,0,988
16648,Cameras,115.3,15,117
21588,Headphones,124.99,40,94
16017,Storage,6.5,10,536
40258,Printers & Scanners,239.99,5,111
20829,Other Electronics,129.94,15,114
24702,Laptops,39.99,5,103
6642,Power & Batteries,25.47,10,22628
21566,Phones,48.62,40,156
5229,Power & Batteries,25.47,10,22633
23181,Printers & Scanners,14.99,10,337
6857,Speakers,36.99,10,338
28462,Speakers,109.99,20,123
19843,TV & Display,24.99,30,267
13331,Speakers,199.99,10,62
40396,Other Electronics,12.23,20,620
42488,Cameras,499.99,0,46
21413,Cameras,66.22,20,130
40478,Cameras,89.99,5,251
26498,Phones,119.99,0,990
36682,Smart Home,184.95,5,107
22962,Printers & Scanners,14.99,30,433
22039,Laptops,39.99,15,129
8616,Phones,89.95,15,118
33675,Phones,119.99,20,1245
41498,Laptops,282.04,40,135
18165,Headphones,124.99,5,54
4224,Other Electronics,104.99,30,723
4891,Laptops,29.99,15,595
6636,TV & Display,24.97,30,716
38686,Phones,18.98,30,726
28595,Phones,179.99,15,124
881,Phones,339.99,15,1187
36582,Laptops,25.99,40,806
1990,Networking,86.04,0,948
4425,Power & Batteries,25.47,0,20013
22264,Phones,49.99,10,3307
41323,Printers & Scanners,239.99,5,92
28696,Phones,79.95,15,112
31470,Laptops,96.5,30,322
12392,Storage,29.99,5,211
17964,Headphones,199.95,10,56
27483,Laptops,539.99,30,74
8171,Phones,29.99,20,494
30632,Phones,119.99,10,1154
31414,Other Electronics,54.99,15,120
3613,Laptops,34.95,20,1279
32651,Headphones,199.95,20,139
14451,Phones,26.66,10,58
25883,Speakers,109.99,15,109
21675,Cameras,49.95,30,158
41488,Printers & Scanners,239.99,20,140
41732,Phones,219.99,10,111
31191,Laptops,43.99,10,231
23718,Phones,48.62,30,150
12281,Speakers,149.95,15,126
37941,Other Electronics,149.99,10,106
28066,Power & Batteries,16.61,10,1160
24098,Cameras,269.95,10,118
26527,Phones,26.66,5,100
9255,Networking,299.99,0,107
23148,Printers & Scanners,14.99,30,445
10402,Other Electronics,17.0,5,332
42260,Printers & Scanners,229.99,10,118
18046,Laptops,389.99,0,58
31673,Phones,15.87,30,5610
37414,Laptops,949.0,20,50
22476,Power & Batteries,25.47,40,32274
25184,Cameras,119.99,30,138
175,TV & Display,11.72,5,31529
7785,Cameras,84.99,5,213
20260,Printers & Scanners,27.33,5,187
16896,Laptops,389.99,30,80
33699,Cameras,74.99,15,205
28383,Phones,15.87,10,4491
40909,Other Electronics,12.23,30,694
25809,Cameras,49.95,20,124
13130,Phones,9.95,40,473
36126,Laptops,321.89,20,57
19295,TV & Display,24.99,20,248
14575,Phones,185.0,10,113
7762,Chargers & Cables,7.99,0,1008
10667,Laptops,24.49,40,444
30324,Power & Batteries,7.79,5,513
9648,Laptops,35.99,10,241
25474,Phones,48.62,5,108
8008,Power & Batteries,16.19,10,1086
3473,Cameras,74.35,5,515
42596,Phones,599.95,10,51
8917,Phones,49.99,0,205
14951,Storage,26.99,30,300
6451,Cameras,69.95,20,576
20002,Power & Batteries,16.61,5,1082
21516,Laptops,39.99,10,125
12818,Other Electronics,8.78,0,384
29029,Laptops,29.99,0,192
19998,Chargers & Cables,85.99,20,60
39694,Laptops,34.99,10,359
36285,Other Electronics,212.06,30,141
28124,Other Electronics,7.29,5,523
4304,Laptops,11.95,30,1372
31272,Cameras,74.99,40,323
35326,TV & Display,169.0,40,84
25691,Cameras,356.99,15,65
23576,Phones,119.99,0,1072
19546,Phones,119.99,40,1592
5987,Phones,79.99,0,315
25194,Printers & Scanners,14.99,20,336
1888,Chargers & Cables,29.99,10,2373
3593,Chargers & Cables,19.99,15,1191
22586,Printers & Scanners,80.05,15,110
39532,Other Electronics,89.95,15,115
4318,Other Electronics,437.97,10,238
8849,Speakers,109.99,5,337
22444,Power & Batteries,16.61,0,971
24331,Power & Batteries,16.61,10,1125
8052,TV & Display,89.95,40,465
28737,Other Electronics,206.96,15,123
7069,Other Electronics,126.99,0,182
39179,Phones,119.99,40,171
12181,Phones,9.95,0,307
23970,Cameras,49.95,15,127
4309,Laptops,251.99,15,386
17271,Chargers & Cables,59.95,0,194
23077,Phones,48.62,20,111
39162,Laptops,25.99,30,698
4581,Phones,64.99,30,704
35585,Phones,119.99,0,86
38241,Other Electronics,269.99,5,106
21716,Laptops,1899.0,5,54
5039,Phones,34.99,40,823
305,Laptops,64.85,20,8979
27375,Speakers,109.99,10,113
28180,Power & Batteries,23.26,0,19813
41445,Laptops,79.99,5,225
17395,Power & Batteries,28.91,0,181
5664,Power & Batteries,25.47,20,25559
26672,Laptops,38.99,40,315
17100,Other Electronics,14.29,15,258
12041,Laptops,50.5,20,144
27856,Networking,143.95,20,268
36625,Laptops,45.99,40,318
35958,Laptops,1649.99,20,48
41521,Printers & Scanners,229.99,5,98
16449,Power & Batteries,28.91,40,337
26263,Other Electronics,54.99,20,150
12790,Phones,9.95,15,410
42363,Other Electronics,169.95,15,115
39437,Other Electronics,55.99,15,341
13512,Speakers,149.95,10,116
36442,Other Electronics,269.99,40,164
5851,Other Electronics,369.99,20,138
35976,TV & Display,29.98,15,353
20061,Laptops,389.99,10,51
18687,Printers & Scanners,27.33,20,281
3263,Printers & Scanners,99.99,20,1014
7553,Power & Batteries,38.98,0,40123
39917,Chargers & Cables,1099.99,20,54
24339,Cameras,49.95,30,148
29740,Power & Batteries,16.61,0,1003
30669,Laptops,29.99,40,323
32585,Chargers & Cables,19.98,5,388
4505,Other Electronics,38.74,30,743
9896,Printers & Scanners,23.96,5,427
15996,Laptops,369.0,10,38
2020,Other Electronics,24.99,30,2858
37078,Phones,27.99,0,321
740,Laptops,39.99,5,4419
40737,Phones,179.95,5,2133
32313,TV & Display,79.0,5,104
23231,Laptops,1899.0,20,49
21083,Power & Batteries,25.49,0,201
6627,Other Electronics,136.79,5,224
22618,Printers & Scanners,80.05,0,99
27065,Other Electronics,7.29,15,580
28729,Phones,15.87,15,4822
16967,Phones,29.99,30,434
13323,Phones,199.99,20,63
20197,Cameras,66.22,15,139
22280,Gaming,329.99,10,231
3928,Phones,129.0,0,488
3599,Storage,164.99,5,547
24909,Power & Batteries,17.99,10,101410
39697,Networking,89.99,30,143
32825,Power & Batteries,40.99,10,205
34187,Power & Batteries,23.26,30,28617
31131,Chargers & Cables,34.99,40,502
2131,Phones,279.99,15,591
21525,Cameras,269.95,0,102
28478,Phones,109.99,30,302
9318,Other Electronics,14.29,5,535
22146,Headphones,124.99,10,60
4920,Printers & Scanners,23.99,40,780
4914,Other Electronics,49.99,40,765
17809,Cameras,115.0,30,133
6569,Other Electronics,325.86,20,96
8190,Cameras,19.99,30,751
9321,Phones,5.99,40,873
23159,Headphones,124.99,5,52
10993,Cameras,249.99,15,60
40622,Chargers & Cables,1099.99,0,45
25254,Laptops,39.99,20,144
31022,Laptops,145.0,5,115
29889,Laptops,43.99,30,286
7904,Power & Batteries,84.99,5,216
16663,Cameras,66.01,10,107
7163,Other Electronics,176.0,40,306
27467,Speakers,69.99,5,319
27186,Power & Batteries,40.99,0,214
29974,Laptops,38.99,0,193
38290,Phones,119.99,5,115
14733,Other Electronics,269.0,40,70
34386,Speakers,69.99,10,340
1641,Chargers & Cables,7.19,20,6339
6583,Cameras,65.99,30,542
21638,Headphones,124.99,40,81
18052,Laptops,369.0,20,59
32299,Printers & Scanners,609.0,10,50
23188,Cameras,269.95,15,110
41548,Printers & Scanners,229.99,0,107
89,Phones,49.99,15,2384
24130,Storage,199.99,30,137
25522,Cameras,49.95,10,124
22848,Other Electronics,475.0,30,68
25903,Laptops,38.99,15,252
27753,Power & Batteries,7.79,10,570
37615,Laptops,25.99,20,592
19025,Other Electronics,14.29,20,264
37592,Laptops,321.89,15,67
3052,Laptops,299.95,15,530
14041,Phones,23.99,0,977
2409,Phones,29.99,20,2512
6883,Other Electronics,48.98,0,314
19590,Cameras,130.0,15,120
42470,Printers & Scanners,229.99,30,139
20315,Cameras,130.0,10,124
15346,Speakers,149.95,20,134
32038,Phones,32.99,10,488
1080,Laptops,87.99,0,1022
22627,Laptops,1899.0,0,45
6941,Other Electronics,526.94,5,96
249,Power & Batteries,16.99,30,28586
3381,Power & Batteries,25.47,40,32540
38700,Laptops,139.99,40,170
9341,Laptops,109.99,20,289
6274,TV & Display,63.17,20,375
15343,Phones,23.99,0,1028
30896,Laptops,145.0,40,157
11704,Phones,185.0,30,157
16956,Cameras,115.3,40,159
38846,Other Electronics,149.99,10,119
37619,Other Electronics,19.88,20,384
26010,Power & Batteries,40.99,0,169
2390,Other Electronics,69.19,40,1642
16592,Other Electronics,129.94,40,148
29510,Laptops,239.0,5,54
27777,Power & Batteries,23.26,15,23746
15898,Speakers,149.95,20,114
29168,Cameras,23.99,30,558
1171,Power & Batteries,47.99,15,2419
37610,Phones,13.99,10,435
16515,Chargers & Cables,59.95,5,215
25457,Printers & Scanners,80.05,20,145
8023,Cameras,69.95,15,611
22830,Printers & Scanners,14.99,30,433
11366,Other Electronics,10.6,40,472
15478,Laptops,49.99,15,124
1089,Speakers,299.99,0,1022
6554,Phones,74.89,15,323
37467,Phones,18.98,10,548
30059,Power & Batteries,9.99,15,1216
6420,Power & Batteries,25.47,10,22234
36865,Laptops,25.99,10,614
37637,Other Electronics,24.99,30,440
27523,Phones,119.99,0,970
31187,Laptops,38.99,40,337
37947,Other Electronics,89.95,5,99
3090,Other Electronics,41.99,10,1121
6848,Other Electronics,10.8,15,1131
31509,Power & Batteries,16.61,30,1380
25198,Chargers & Cables,34.99,15,251
41012,Other Electronics,149.99,10,110
25695,Phones,8.99,30,709
24569,Storage,99.99,15,1165
11726,Storage,29.99,40,311
20374,Chargers & Cables,85.99,40,83
2854,Chargers & Cables,72.99,20,1208
6815,Cameras,1199.0,0,46
3344,Laptops,107.99,15,606
31901,Chargers & Cables,34.99,0,307
24739,Laptops,39.99,10,105
38433,Laptops,139.99,10,119
3047,Power & Batteries,16.19,10,1109
3686,Other Electronics,11.54,0,1009
20935,Cameras,66.22,40,189
6988,Storage,165.99,15,109
26620,Power & Batteries,40.99,40,334
27886,Power & Batteries,16.61,20,1262
13597,Phones,199.99,40,83
33648,Speakers,69.99,0,297
28319,Other Electronics,54.99,30,140
8656,Laptops,19.99,40,621
9726,Phones,22.61,20,350
25310,Cameras,356.99,15,73
30437,Laptops,38.99,15,228
37699,Other Electronics,89.95,0,107
8300,TV & Display,14.39,5,537
30578,Networking,78.99,20,261
5023,Other Electronics,569.95,10,61
26424,Chargers & Cables,19.98,20,487
19844,Cameras,66.22,40,171
41064,Cameras,59.99,15,227
15585,Phones,49.99,30,275
4944,Phones,427.99,15,98
11320,Other Electronics,33.9,40,171
36775,Speakers,32.99,0,207
2182,Other Electronics,229.99,5,553
31920,Cameras,23.99,10,491
30743,Cameras,74.99,20,239
4761,Other Electronics,9.13,5,1086
34600,Networking,89.99,10,113
36613,Laptops,139.99,15,116
34208,Other Electronics,206.96,30,146
19711,Cameras,66.22,15,112
11922,Storage,29.99,0,221
20054,Cameras,66.22,0,109
33974,Laptops,634.99,30,75
18001,Power & Batteries,25.49,20,264
35170,Networking,799.99,40,79
26568,Laptops,739.0,5,67
11091,Storage,25.99,30,452
1044,Other Electronics,199.0,5,1057
26807,Phones,32.99,10,438
24789,Phones,48.62,20,103
2525,TV & Display,21.19,0,1057
39439,Laptops,1649.99,20,70
25853,Phones,238.0,15,63
11482,Headphones,99.99,0,88
30568,Other Electronics,77.0,5,87
23936,Storage,199.99,40,168
14882,Chargers & Cables,85.99,0,57
24729,Storage,119.99,15,49
9601,Other Electronics,39.99,0,290
22070,Headphones,213.0,30,72
23919,Laptops,24.99,40,476
42277,Chargers & Cables,15.98,5,556
41331,Laptops,79.99,15,231
15570,TV & Display,179.99,30,91
20711,Phones,199.95,10,108
4557,Power & Batteries,25.47,20,25753
26231,TV & Display,79.0,30,125
32160,Laptops,38.99,10,228
7251,TV & Display,1679.0,15,52
16496,Laptops,369.0,40,86
42633,Laptops,282.04,15,133
21461,Cameras,49.95,15,118
7115,Other Electronics,1499.99,5,45
13915,Phones,49.99,15,223
9587,Speakers,44.99,20,365
10136,Cameras,309.99,5,95
39724,Cameras,769.0,15,65
9089,Printers & Scanners,275.0,5,107
42586,Phones,49.99,20,3710
889,Laptops,199.99,20,1232
42454,Phones,219.99,30,134
233,TV & Display,10.14,5,10467
13804,Storage,29.99,40,324
24113,Phones,48.62,0,92
20516,Chargers & Cables,59.95,10,221
33892,Laptops,38.99,40,329
232,Phones,448.0,40,6445
26908,Power & Batteries,16.61,40,1621
39649,Other Electronics,89.95,15,126
4189,Other Electronics,17.1,10,1127
8768,TV & Display,119.95,40,178
27724,Laptops,97.0,20,256
17082,Phones,29.99,10,344
30288,Headphones,199.95,40,155
6634,Cameras,99.99,0,411
32151,Laptops,145.0,10,109
9228,Laptops,82.47,30,132
17390,Laptops,369.0,10,55
31647,Other Electronics,54.99,40,173
2892,Chargers & Cables,27.99,20,1269
41160,Chargers & Cables,22.99,20,517
20052,Storage,93.99,30,134
143,Other Electronics,8.99,15,48035
1111,Phones,29.99,40,6553
9513,Chargers & Cables,69.99,5,229
24413,Power & Batteries,17.99,15,107591
37360,Phones,27.99,20,379
27786,Power & Batteries,7.79,15,628
37602,Other Electronics,89.95,10,112
39493,TV & Display,29.98,10,332
32645,Wearables,699.99,20,76
3526,Phones,36.99,40,1539
18281,Cameras,66.01,20,123
4566,Phones,64.99,15,672
30489,Other Electronics,206.96,15,124
17986,Storage,93.99,10,109
13472,Storage,26.99,40,326
25769,Storage,199.99,5,97
29320,Cameras,74.99,30,280
28577,Headphones,199.95,5,102
11784,Other Electronics,12.99,20,135
3973,Laptops,179.99,15,492
23482,Laptops,24.99,5,303
2863,Phones,249.0,40,968
17784,Phones,37.99,40,506
3559,Laptops,27.99,15,1202
19393,Headphones,124.99,0,56
4861,Printers & Scanners,37.11,10,470
5609,Laptops,114.89,30,450
8161,Cameras,69.95,15,568
30516,Power & Batteries,23.26,30,28725
26483,Laptops,29.99,40,304
2815,Cameras,69.95,15,634
1327,Power & Batteries,13.98,15,6109
14416,Power & Batteries,25.99,30,291
20381,TV & Display,24.99,40,349
21844,Laptops,1899.0,40,84
4422,Phones,119.99,30,1430
28603,Laptops,539.99,5,48
16619,Laptops,389.99,15,55
8534,Speakers,74.99,0,187
21420,Phones,8.99,5,567
38971,Phones,13.99,20,486
1175,Laptops,1619.0,20,522
13903,Chargers & Cables,85.99,10,64
6972,Speakers,89.99,40,505
9526,Phones,24.96,0,513
24879,Power & Batteries,25.47,40,32684
9635,Other Electronics,9.99,40,793
9063,Phones,99.99,15,109
3845,Wearables,419.99,0,285
1779,Power & Batteries,25.47,20,25312
40354,Printers & Scanners,229.99,15,131
14764,Phones,49.99,0,211
42339,Other Electronics,169.95,30,124
4598,Phones,123.57,5,417
7769,Printers & Scanners,275.0,15,111
18965,Phones,199.95,40,155
4252,Cameras,69.95,30,755
10368,Phones,16.89,5,338
35846,TV & Display,29.98,0,287
33497,Power & Batteries,16.61,15,1131
32711,Power & Batteries,7.79,40,829
4742,Laptops,159.99,10,213
33228,Laptops,97.05,10,222
8535,Power & Batteries,499.99,20,137
18023,Printers & Scanners,27.33,30,277
32206,Power & Batteries,16.61,15,1169
28408,Networking,78.99,30,300
24952,Headphones,124.99,0,56
30341,Laptops,539.99,40,91
5568,Other Electronics,1799.99,10,58
25003,Printers & Scanners,80.05,40,178
4214,Phones,349.0,30,153
1342,Laptops,174.99,40,1641
27942,Laptops,269.0,20,117
23816,Printers & Scanners,14.99,15,350
30015,Laptops,269.0,10,123
1749,Smart Home,149.99,30,1443
30379,Phones,109.99,30,284
17824,Cameras,66.01,40,168
6771,Power & Batteries,15.99,15,774
33024,Power & Batteries,16.61,40,1616
24227,Cameras,269.95,20,134
3711,Networking,599.99,0,288
25124,Power & Batteries,17.99,20,114545
22714,Headphones,124.99,0,42
10855,Speakers,35.99,5,210
33218,Headphones,199.95,30,157
15997,Printers & Scanners,27.33,30,292
30325,Laptops,269.0,10,125
7299,Power & Batteries,25.47,5,21232
2316,Phones,23.99,30,2804
26571,Printers & Scanners,609.0,0,45
27569,Phones,238.0,15,62
29679,Other Electronics,206.96,0,96
9629,Cameras,998.0,40,66
23694,Phones,48.62,30,149
16205,Storage,93.99,30,158
10326,Laptops,8.66,40,780
1786,Phones,24.99,0,1971
3373,Phones,58.95,15,1126
5008,Cameras,69.95,5,558
31228,Networking,78.99,30,278
29135,Cameras,23.99,10,416
16254,Other Electronics,14.29,0,174
22548,Laptops,39.99,0,91
41853,Cameras,89.99,10,215
11602,Other Electronics,659.0,40,71
9913,Other Electronics,109.99,0,93
26736,Laptops,539.99,10,52
32961,Speakers,109.99,10,104
39836,TV & Display,29.98,10,324
6425,Phones,64.99,15,369
22803,Printers & Scanners,14.99,5,302
17489,TV & Display,24.99,5,195
14015,Other Electronics,33.9,20,141
30350,Phones,32.99,15,442
34816,Phones,34.99,20,245
26818,Power & Batteries,16.61,30,1470
20489,Chargers & Cables,59.95,40,327
14618,Headphones,99.99,5,93
26070,Printers & Scanners,609.0,5,48
18718,Other Electronics,129.94,5,89
3369,Printers & Scanners,46.99,0,982
5530,Other Electronics,15.39,20,1197
22672,Phones,8.99,40,805
37290,Phones,13.99,15,483
26036,Chargers & Cables,34.99,20,398
38158,Other Electronics,89.95,30,137
31127,Speakers,69.99,5,344
7924,Cameras,69.95,15,575
15491,Headphones,99.99,20,135
23339,Cameras,269.95,5,106
28843,Laptops,97.0,5,206
28052,Speakers,69.99,15,354
16135,Other Electronics,14.29,30,284
22001,Storage,599.99,10,1083
41767,Other Electronics,149.99,15,145
60,Laptops,71.87,10,22579
27146,Laptops,38.99,30,286
4393,Power & Batteries,16.19,0,973
10506,Speakers,57.95,40,157
40880,Other Electronics,9.1,15,685
17437,Cameras,115.3,10,102
39098,Other Electronics,149.99,30,133
22791,Other Electronics,475.0,20,72
4182,Phones,149.99,5,322
32983,Headphones,199.95,0,96
15837,Storage,29.99,15,233
7713,Other Electronics,550.95,10,58
19633,Chargers & Cables,59.95,20,269
3514,Power & Batteries,16.19,10,1144
36168,Laptops,949.0,30,64
636,Storage,94.99,15,4736
34770,Other Electronics,55.99,30,449
11308,Other Electronics,8.94,10,467
14201,Laptops,299.99,15,59
17339,Cameras,115.3,40,141
36064,Power & Batteries,44.99,10,251
12197,Chargers & Cables,12.8,5,307
29540,Power & Batteries,7.79,15,579
12976,Power & Batteries,112.08,40,160
26774,Phones,109.99,15,252
36294,Other Electronics,24.99,0,299
21288,Laptops,349.0,5,59
2775,TV & Display,21.99,15,1234
26652,Speakers,109.99,20,122
30104,Laptops,29.99,10,230
15279,Power & Batteries,25.47,20,25429
15440,Speakers,199.99,10,40
26555,Other Electronics,7.29,30,720
40129,Other Electronics,12.23,10,591
5572,Phones,49.99,0,1964
38516,Other Electronics,55.99,40,500
40985,Chargers & Cables,1099.99,30,74
12240,Storage,26.99,15,223
27374,Power & Batteries,40.99,10,240
41268,Chargers & Cables,15.98,0,517
14952,Speakers,199.99,20,70
27693,Phones,26.66,40,168
38471,Phones,27.99,30,468
16773,Cameras,66.01,40,137
17317,Other Electronics,14.29,30,305
38022,Other Electronics,55.99,0,315
20233,Cameras,115.13,20,122
9137,TV & Display,129.97,30,88
32580,Other Electronics,54.99,15,123
4113,Other Electronics,26.99,40,1594
41566,Cameras,89.99,10,236
210,Laptops,22.99,40,16238
35722,Phones,18.98,40,795
30780,Laptops,43.99,5,210
13693,Power & Batteries,25.99,20,247
7098,Speakers,119.99,40,358
13198,Cameras,122.0,10,109
24807,Storage,199.99,5,86
15236,Speakers,199.99,30,62
32988,Speakers,69.99,5,316
28367,TV & Display,79.0,20,118
2305,Power & Batteries,19.98,10,112907
36161,Cameras,769.0,30,78
33960,Speakers,69.99,40,519
15419,Networking,89.99,30,153
9948,Cameras,49.99,40,168
33521,Power & Batteries,40.99,30,282
27417,Power & Batteries,23.26,30,28917
11515,Power & Batteries,25.99,40,313
30730,Laptops,97.05,5,202
16048,Other Electronics,129.94,30,131
33779,Chargers & Cables,19.98,0,396
39684,Laptops,45.99,30,263
28579,Phones,32.99,30,575
28881,Other Electronics,7.29,0,499
29113,Power & Batteries,7.79,10,570
8997,Laptops,63.99,40,303
8011,Speakers,135.99,15,121
804,Phones,17.7,0,6962
10051,Phones,24.96,20,647
41991,Laptops,429.0,10,64
910,Laptops,59.95,30,4330
30311,Cameras,74.99,5,208
6779,TV & Display,220.96,0,214
26962,Other Electronics,54.99,10,115
30386,Laptops,449.0,10,322
41129,Laptops,8.99,30,724
16420,Power & Batteries,28.91,15,241
5078,Cameras,189.95,5,197
28294,Phones,15.87,5,4208
16162,Headphones,124.99,5,52
31200,Power & Batteries,40.99,40,283
10905,Phones,249.95,20,68
39009,Cameras,49.99,10,213
26366,Power & Batteries,40.99,20,242
6864,Laptops,5.88,20,1257
32280,Laptops,43.99,10,241
32798,Phones,32.99,40,635
33436,Laptops,539.99,5,60
16708,Power & Batteries,25.49,10,212
36409,Other Electronics,24.99,40,483
13865,Other Electronics,33.9,15,132
39170,Other Electronics,149.99,40,157
25889,Phones,79.95,10,124
2280,Laptops,293.15,30,570
33145,Phones,39.99,40,695
37966,Laptops,34.99,10,373
2440,Laptops,99.99,40,811
26132,Laptops,43.99,0,199
18379,Other Electronics,14.29,15,222
2633,Laptops,34.99,0,55
21430,Laptops,16.87,5,314
31292,Networking,78.99,40,329
25450,Headphones,213.0,5,57
23321,Laptops,1899.0,40,77
22038,Printers & Scanners,14.99,30,424
6086,Other Electronics,37.49,30,890
28586,Power & Batteries,7.79,30,707
18658,Other Electronics,129.94,15,104
25568,Cameras,356.99,40,78
5082,Phones,59.95,40,821
8397,Phones,109.99,20,249
577,Laptops,74.99,10,3316
29694,Laptops,29.99,0,164
15520,Other Electronics,27.49,40,303
30348,Headphones,199.95,15,121
29929,Power & Batteries,16.61,0,1000
36346,Other Electronics,24.99,10,384
21983,Laptops,16.87,20,414
13570,TV & Display,179.99,0,53
37908,Other Electronics,212.06,15,128
1088,Laptops,268.89,10,1145
4147,Laptops,58.92,30,880
17387,Other Electronics,129.94,30,129
34502,Networking,799.99,30,73
20041,Laptops,349.0,10,55
32006,TV & Display,79.0,20,146
13421,Headphones,99.99,15,132
27461,Phones,109.99,40,324
26884,Laptops,739.0,30,73
17586,Other Electronics,14.29,10,186
24070,Cameras,49.95,0,128
20548,Power & Batteries,28.91,30,298
40676,Other Electronics,169.95,5,111
17046,Headphones,124.99,15,77
7744,Power & Batteries,16.19,0,1028
5676,TV & Display,21.99,20,643
28171,Laptops,539.99,20,68
4702,Chargers & Cables,11.99,10,1195
41256,Phones,179.95,20,2560
39741,Printers & Scanners,229.99,5,100
16525,Power & Batteries,28.91,30,283
3744,Laptops,279.0,0,281
32251,Phones,32.99,30,592
28035,Printers & Scanners,609.0,40,66
27163,Power & Batteries,16.61,15,1145
38663,Power & Batteries,44.99,30,295
38688,Power & Batteries,9.99,10,1090
1467,Power & Batteries,25.47,30,28527
32011,Speakers,69.99,15,393
37088,Smart Home,184.95,0,78
35509,Laptops,45.99,5,215
27534,Chargers & Cables,19.98,0,388
9567,Other Electronics,9.99,0,405
16899,Other Electronics,129.94,10,105
2364,Other Electronics,84.95,15,1173
2875,Laptops,20.95,0,988
8097,Other Electronics,89.98,0,168
23892,Storage,119.99,5,61
15129,Other Electronics,27.49,20,240
26567,TV & Display,49.99,5,291
13739,Other Electronics,8.78,15,468
11485,Storage,26.99,15,213
42050,Laptops,429.0,10,62
42345,Phones,144.0,30,143
19021,Laptops,349.0,30,67
17405,Laptops,389.99,30,72
30970,Other Electronics,77.0,20,129
36399,Laptops,321.89,15,66
35897,Laptops,321.89,20,54
14292,Speakers,199.99,30,68
13310,Other Electronics,269.0,30,76
14855,Laptops,43.99,5,221
17263,TV & Display,24.99,15,246
22498,Laptops,1899.0,30,66
26230,Phones,32.99,0,395
40630,Printers & Scanners,229.99,40,168
40996,Printers & Scanners,245.0,15,125
34990,Cameras,769.0,20,61
40921,Printers & Scanners,229.99,15,128
16958,Printers & Scanners,27.33,10,233
40905,Phones,39.95,0,308
8796,Phones,24.99,30,456
20773,Laptops,349.0,10,56
690,Speakers,97.99,5,3171
33459,Power & Batteries,16.61,15,1180
39693,Printers & Scanners,229.99,15,133
15616,Laptops,49.99,5,126
4270,Power & Batteries,16.19,40,1658
38106,Speakers,32.99,10,239
29706,Power & Batteries,23.26,0,20145
38885,Headphones,129.99,30,1410
9270,Phones,32.99,10,238
17691,Printers & Scanners,27.33,20,275
10005,Phones,8.92,30,730
10112,TV & Display,259.99,10,107
35388,Power & Batteries,23.26,0,20038
30297,Chargers & Cables,34.99,15,369
33451,Speakers,69.99,10,334
28116,Laptops,29.99,5,224
30721,Laptops,131.89,0,208
35578,Phones,34.99,40,330
25020,Phones,48.62,40,150
40855,Cameras,89.99,15,219
37792,Cameras,769.0,0,58
33705,Phones,32.99,30,590
28343,Power & Batteries,7.79,5,529
15149,TV & Display,179.99,30,67
29395,Other Electronics,54.99,30,134
32602,Phones,32.99,20,517
12299,Laptops,50.5,0,101
23471,Power & Batteries,17.99,0,89819
17334,Laptops,389.99,40,106
14702,Storage,26.99,10,247
27977,Laptops,38.99,5,215
41457,Phones,39.95,5,285
4743,Laptops,995.45,40,165
38264,Other Electronics,24.99,20,414
526,Laptops,399.0,5,2067
28283,Power & Batteries,7.79,0,486
20687,Cameras,34.99,40,334
14979,Other Electronics,8.78,40,670
1939,Phones,132.87,20,1290
25005,Cameras,269.95,5,100
17968,Laptops,389.99,20,58
34106,Phones,179.99,5,111
4276,Speakers,229.99,40,491
30813,TV & Display,79.0,40,170
2095,Laptops,249.99,5,542
4925,Other Electronics,144.99,10,330
28995,Power & Batteries,7.79,40,763
19195,Laptops,389.99,5,65
41741,Chargers & Cables,329.99,40,67
8811,Cameras,29.99,20,395
37347,Other Electronics,19.88,0,276
4825,Phones,199.99,10,464
32217,Laptops,43.99,40,310
25340,Cameras,119.99,5,107
1949,Laptops,409.0,5,588
24668,Power & Batteries,16.61,20,1273
8422,Other Electronics,569.95,10,57
42314,Laptops,429.0,40,84
39393,Phones,18.98,5,512
26056,Speakers,69.99,0,290
38531,Power & Batteries,44.99,30,284
5057,Laptops,19.95,40,815
30501,Laptops,43.99,0,193
38218,Phones,119.99,5,103
2302,Phones,79.99,0,1017
39238,TV & Display,29.98,10,315
24321,Other Electronics,475.0,40,69
11387,Other Electronics,269.0,40,86
9048,Laptops,26.97,5,332
13155,Phones,199.99,20,63
2413,Power & Batteries,16.19,10,1139
17852,Cameras,66.01,0,98
252,TV & Display,299.99,5,6465
26029,Phones,32.99,10,420
1868,Phones,119.99,0,1008
5122,Cameras,69.95,5,493
11018,Other Electronics,34.69,30,262
14272,Power & Batteries,25.99,15,241
30128,Phones,32.99,20,517
4704,Power & Batteries,25.47,0,19640
9801,TV & Display,129.97,30,76
23698,Phones,119.99,0,982
31614,Phones,39.99,15,512
28629,Power & Batteries,16.61,15,1205
36157,Other Electronics,55.99,40,476
14977,Laptops,43.99,10,224
26974,Power & Batteries,16.61,20,1293
38383,Other Electronics,20.95,20,373
21557,Power & Batteries,17.99,0,89370
41237,Chargers & Cables,1099.99,15,65
28394,Headphones,199.95,20,133
21704,Printers & Scanners,80.05,5,114
37644,Gaming,329.99,20,250
33387,Laptops,269.0,0,92
18994,Laptops,349.0,30,69
22111,Printers & Scanners,80.05,40,155
28395,Cameras,23.99,40,618
28610,Headphones,199.95,30,138
28046,Phones,32.99,20,477
40799,Laptops,649.99,10,110
39177,Other Electronics,24.99,15,368
35195,Phones,25.99,30,439
42284,Laptops,429.0,0,41
14712,Other Electronics,10.6,0,305
17827,Power & Batteries,25.47,15,23901
5183,Chargers & Cables,22.99,40,1563
12100,TV & Display,179.99,15,51
11104,Phones,139.95,15,110
5647,Cameras,69.95,30,721
24440,Storage,199.99,0,113
15535,Laptops,299.99,15,56
18388,Cameras,66.01,30,145
19544,Cameras,66.22,15,122
22514,Headphones,213.0,0,48
5391,Phones,119.99,0,961
19218,Cameras,66.22,10,111
8555,Other Electronics,16.8,20,655
21356,Storage,93.99,5,117
34038,Power & Batteries,40.99,0,199
39368,Phones,18.98,5,556
38409,Printers & Scanners,229.99,10,146
29337,Phones,39.99,20,524
28527,Power & Batteries,40.99,30,282
40991,Other Electronics,169.95,20,130
37328,Phones,25.99,20,391
38643,Laptops,25.99,30,672
20125,Laptops,349.0,10,51
30119,Laptops,539.99,15,58
41884,Other Electronics,169.95,20,123
23682,Storage,99.99,20,1281
7628,Printers & Scanners,399.99,10,54
35365,Networking,89.99,15,118
41386,Phones,99.99,20,139
100,Phones,27.99,20,12741
9044,Laptops,99.99,15,130
4325,Laptops,39.99,0,524
21183,Power & Batteries,28.91,40,339
20380,Storage,93.99,30,140
42397,Phones,219.99,0,101
11411,Other Electronics,269.0,40,73
20098,Cameras,130.0,30,146
41142,Phones,219.99,30,119
4311,Laptops,139.99,40,503
4178,Phones,497.99,20,241
14329,Speakers,149.95,30,123
25159,Power & Batteries,16.61,40,1571
1613,Phones,129.5,5,1031
1365,Other Electronics,23.09,15,3458
27505,Phones,15.87,15,4791
16813,Cameras,115.3,5,103
3819,Cameras,2499.95,15,106
24241,Power & Batteries,16.61,10,1061
27497,Speakers,69.99,40,489
6841,Laptops,499.99,15,135
26754,Chargers & Cables,34.99,15,408
32937,Power & Batteries,23.26,15,23707
10587,Speakers,119.95,30,131
20272,TV & Display,24.99,0,206
17569,Cameras,66.01,10,135
16117,Storage,93.99,15,113
28971,Other Electronics,7.29,10,538
4114,Cameras,971.99,30,127
20792,Phones,199.95,10,104
15739,Laptops,299.99,10,73
17551,Cameras,115.3,5,103
22963,Laptops,39.99,30,122
36320,Phones,119.99,15,125
31207,Laptops,539.99,0,48
21134,Other Electronics,14.29,0,196
3193,Power & Batteries,16.19,40,1597
42380,Cameras,89.99,0,204
21839,Cameras,49.95,0,94
5101,Cameras,26.99,15,579
13098,Other Electronics,659.0,0,42
23342,Storage,199.99,30,150
28618,Speakers,69.99,30,428
28894,Cameras,23.99,10,412
38836,Laptops,321.89,40,77
27173,Laptops,38.99,5,232
7911,Power & Batteries,84.99,20,240
18777,Chargers & Cables,85.99,0,48
12897,Speakers,149.95,20,115
35507,Phones,119.99,20,122
36639,Phones,25.99,20,377
38064,Laptops,139.99,10,124
15208,Headphones,99.99,30,159
28017,Laptops,29.99,0,208
16989,Phones,49.97,15,3577
33265,Power & Batteries,16.61,10,1118
37478,Laptops,139.99,40,168
2596,Other Electronics,68.15,30,1385
1775,Other Electronics,54.99,40,1579
22244,Laptops,16.87,15,369
25432,Cameras,49.95,40,159
17996,Laptops,369.0,30,74
3848,Other Electronics,185.0,0,280
1874,Other Electronics,27.97,10,1133
4649,Power & Batteries,16.19,20,1239
16426,Storage,93.99,10,122
15461,Headphones,99.99,10,105
40434,Chargers & Cables,22.99,0,404
28972,Chargers & Cables,19.98,20,525
15575,Laptops,43.99,20,254
38429,Other Electronics,212.06,5,99
20393,Other Electronics,129.94,5,109
22470,Other Electronics,475.0,30,66
31720,Phones,15.87,15,4788
16081,Cameras,115.0,5,114
15026,Storage,26.99,40,328
37709,Laptops,25.99,0,476
9810,Laptops,429.0,10,44
7385,TV & Display,49.99,40,488
11749,Power & Batteries,6.95,20,764
18933,Storage,93.99,10,102
35871,Gaming,179.99,0,113
31675,Power & Batteries,7.79,40,849
17041,Cameras,115.3,10,123
33021,Chargers & Cables,34.99,20,396
33162,Laptops,43.99,5,215
15469,Phones,185.0,40,153
8536,Laptops,179.45,15,111
23456,Power & Batteries,16.61,40,1622
1574,Other Electronics,399.0,20,630
23681,Cameras,49.95,40,140
19409,Phones,29.99,40,148
36931,Other Electronics,24.99,20,364
41453,Phones,144.0,20,124
14518,Phones,199.99,30,76
36971,Phones,13.99,30,619
31202,Other Electronics,7.29,20,606
25296,Headphones,124.99,0,49
28765,Other Electronics,206.96,20,133
33737,Laptops,43.99,30,298
2030,Chargers & Cables,109.99,40,847
5889,Laptops,76.99,30,694
30327,Chargers & Cables,34.99,10,324
13214,Headphones,99.99,0,87
17878,Power & Batteries,28.91,5,212
21848,Laptops,24.99,10,323
39828,Power & Batteries,44.99,30,300
3081,Chargers & Cables,9.92,40,3218
34396,Phones,179.99,10,133
397,Laptops,131.99,10,4569
41467,Cameras,499.99,10,54
34419,Phones,39.99,0,410
35172,Phones,25.99,5,322
27930,Cameras,23.99,40,647
42490,Laptops,79.99,5,209
37527,Phones,57.99,20,266
37531,Laptops,321.89,30,69
19375,Chargers & Cables,85.99,15,52
17050,Power & Batteries,28.91,0,223
6752,Laptops,169.99,5,229
39847,Chargers & Cables,22.99,30,632
3700,Phones,30.99,30,1415
31361,Phones,26.66,0,100
31117,Phones,109.99,0,189
17406,Chargers & Cables,59.95,30,303
8425,Phones,119.99,20,1250
4575,Phones,81.7,5,230
1578,Laptops,4.0,15,8271
14797,Chargers & Cables,579.99,15,76
13741,Storage,29.99,15,232
14664,Other Electronics,10.6,10,346
18089,Cameras,66.01,5,92
694,Laptops,172.99,10,3438
10117,Phones,23.99,10,1111
39516,Laptops,25.99,30,737
19933,Other Electronics,14.29,10,258
6658,Cameras,69.95,40,843
39080,Other Electronics,89.95,20,134
25541,Cameras,356.99,20,68
3232,TV & Display,24.99,0,1042
40016,Laptops,8.99,0,451
11169,Storage,26.99,5,211
7872,Cameras,69.95,5,523
31417,Speakers,109.99,40,176
34408,Headphones,199.95,20,116
7698,Headphones,69.99,0,100
23440,Laptops,1899.0,30,71
33452,Power & Batteries,7.79,0,524
1013,Cameras,120.99,10,1078
17697,Other Electronics,14.29,15,247
17649,Phones,29.99,30,422
40301,Other Electronics,169.95,15,127
13410,Other Electronics,10.6,15,354
36917,Other Electronics,19.88,20,392
12146,Phones,199.99,15,54
9685,Gaming,49.99,15,271
14385,Laptops,43.99,10,238
24820,Cameras,119.99,5,93
20264,Power & Batteries,25.49,40,325
24187,Phones,8.99,20,626
10428,Other Electronics,21.99,0,292
4513,Phones,89.95,10,560
39930,Storage,21.39,15,359
5000,Phones,9.99,0,976
27605,Phones,23.99,10,1143
37202,Phones,13.99,30,567
6266,Other Electronics,1198.0,30,79
7587,Power & Batteries,25.47,20,25590
2476,Phones,119.99,15,1189
17506,Other Electronics,14.29,20,242
1777,Phones,27.99,30,2869
2605,Storage,144.99,10,559
1387,Laptops,699.99,0,490
39231,Phones,57.99,5,199
40924,Printers & Scanners,245.0,15,110
8152,Speakers,31.99,20,414
29548,Networking,78.99,0,210
14857,Other Electronics,8.78,0,373
396,Other Electronics,16.86,5,10687
35881,Cameras,769.0,10,55
1539,Other Electronics,81.35,5,1063
41627,Laptops,8.99,40,798
13958,Phones,9.95,5,330
32243,Wearables,699.99,40,73
7247,Cameras,18.99,10,540
36007,Laptops,45.99,10,221
16214,Laptops,389.99,10,53
34893,Other Electronics,19.88,0,309
37741,Phones,57.99,0,211
732,Cameras,39.99,15,4796
23792,Cameras,49.95,30,158
32440,Networking,143.95,15,249
30172,Wearables,699.99,5,47
13422,Phones,9.95,5,310
15151,Other Electronics,659.0,15,54
14643,Other Electronics,659.0,20,48
26898,TV & Display,79.0,30,145
14927,Networking,89.99,5,104
31985,Speakers,109.99,20,142
9808,Other Electronics,99.99,20,127
33394,Phones,15.87,40,6347
8117,Laptops,499.0,30,55
35268,Laptops,139.99,40,154
30329,Phones,39.99,10,427
30195,Power & Batteries,16.61,0,957
14268,Power & Batteries,6.95,15,682
35082,Other Electronics,24.99,40,520
6637,Chargers & Cables,185.99,30,304
18159,Cameras,115.0,0,92
38581,Laptops,45.99,15,222
37301,Phones,25.99,0,328
35071,Other Electronics,19.88,15,386
33953,Phones,109.99,0,191
27766,Laptops,269.0,40,157
42012,Power & Batteries,9.98,10,227
41866,Headphones,59.0,20,392
3754,Phones,189.0,15,348
25055,Cameras,356.99,20,71
22873,Laptops,1899.0,15,63
41914,Phones,144.0,30,145
10872,Laptops,9.99,30,707
1916,TV & Display,199.0,15,1107
36843,Other Electronics,12.23,10,553
6331,Power & Batteries,16.19,0,967
39486,Phones,57.99,15,273
14411,Other Electronics,8.78,0,416
24582,Storage,59.99,10,122
39406,TV & Display,29.98,5,325
1138,Networking,291.55,40,1568
11862,Other Electronics,27.49,20,281
13298,Other Electronics,39.99,15,1210
38265,Speakers,32.99,40,289
11626,Other Electronics,659.0,30,67
27539,Phones,79.95,10,108
611,Other Electronics,99.0,0,2012
9988,TV & Display,59.99,15,116
38319,Smart Home,184.95,40,149
18446,Laptops,349.0,0,46
4186,Cameras,69.95,5,538
10671,Chargers & Cables,19.99,15,351
21046,Printers & Scanners,27.33,20,239
9923,Storage,30.0,15,377
20371,Power & Batteries,28.91,20,231
40655,Laptops,282.04,0,95
41829,Cameras,499.99,15,55
37121,Other Electronics,55.99,40,492
37884,Other Electronics,19.88,10,332
36761,Power & Batteries,44.99,30,266
17121,Printers & Scanners,27.33,10,201
16818,Headphones,124.99,5,43
38551,Phones,27.99,10,371
34257,Laptops,29.99,40,375
2262,Other Electronics,49.99,5,2157
38746,Other Electronics,212.06,0,114
30363,Networking,143.95,20,256
4417,Other Electronics,100.0,30,687
17900,Cameras,115.0,0,95
16059,Power & Batteries,28.91,20,267
18168,Power & Batteries,28.91,20,291
27760,Phones,15.87,5,4265
26782,Other Electronics,77.0,40,133
6992,Chargers & Cables,156.99,10,224
11269,Power & Batteries,112.08,10,110
5273,Phones,9.99,30,1534
16100,Laptops,389.99,40,80
41795,Chargers & Cables,15.98,30,760
16299,Laptops,389.99,40,88
37334,Other Electronics,24.99,5,310
6452,Phones,54.95,5,230
34535,Phones,57.99,0,205
42191,Printers & Scanners,239.99,5,116
2771,Other Electronics,24.99,10,1117
28899,Power & Batteries,7.79,5,524
9408,Other Electronics,129.99,5,105
26297,Other Electronics,54.99,20,122
14699,Headphones,99.99,5,96
12470,Phones,185.0,40,163
7616,Other Electronics,35.99,40,631
28882,Chargers & Cables,19.98,30,572
28284,Laptops,269.0,0,125
13586,Laptops,299.99,5,52
16539,Chargers & Cables,59.95,40,324
5377,Cameras,69.95,30,696
23523,Laptops,39.99,15,105
27978,Laptops,43.99,15,247
28984,Phones,109.99,40,326
25380,Power & Batteries,25.47,20,25534
17482,Power & Batteries,28.91,40,336
20668,Power & Batteries,28.91,20,247
33972,Networking,78.99,15,218
7903,Other Electronics,14.49,30,744
23915,Laptops,1899.0,20,61
3137,Other Electronics,799.95,30,307
37972,Cameras,769.0,30,83
29333,Laptops,269.0,20,137
6629,Chargers & Cables,25.99,10,539
26581,Phones,109.99,40,303
32324,Networking,78.99,30,288
23861,Cameras,356.99,10,49
30969,TV & Display,79.0,5,80
3722,Networking,49.99,15,1203
11013,Other Electronics,36.49,0,207
18469,Other Electronics,129.94,15,145
5636,Laptops,435.49,15,140
35027,Phones,34.99,30,274
4798,Phones,109.99,10,465
37319,Laptops,25.99,40,791
27779,Phones,119.99,10,1134
11865,Other Electronics,8.94,20,484
19092,Cameras,66.01,0,108
6141,Power & Batteries,25.47,10,22402
34371,Laptops,539.99,20,66
30731,Phones,39.99,0,399
35851,Speakers,32.99,10,218
32606,Power & Batteries,7.79,15,575
16854,Storage,93.99,15,108
39817,Networking,89.99,0,98
41057,Chargers & Cables,1099.99,0,49
8391,Power & Batteries,25.47,10,22574
30113,Chargers & Cables,19.98,40,647
21622,Phones,85.0,10,809
15984,Power & Batteries,25.47,0,19990
41763,Cameras,89.99,30,316
15016,Speakers,149.95,40,163
32190,Laptops,43.99,40,322
35202,Other Electronics,55.99,0,306
9720,Laptops,702.85,20,63
11867,Storage,29.99,20,226
24363,Power & Batteries,16.61,20,1311
2857,Power & Batteries,16.19,15,1163
9502,Phones,33.99,15,252
30759,Networking,143.95,20,258
34216,Laptops,38.99,20,210
21069,Power & Batteries,25.47,40,32519
8858,Power & Batteries,249.99,30,115
19929,Laptops,349.0,0,58
21223,Power & Batteries,25.47,15,23910
16974,Phones,29.99,40,160
8165,Phones,16.49,20,641
3615,Other Electronics,174.57,30,277
40616,Other Electronics,9.1,5,627
19550,Power & Batteries,16.61,10,1137
16308,Headphones,124.99,20,58
4996,Networking,189.99,15,237
16799,Storage,93.99,20,136
40725,Laptops,79.99,5,204
6003,Cameras,1295.0,0,35
4797,Phones,19.98,15,1254
9438,Power & Batteries,25.47,0,20018
22306,Laptops,39.99,40,156
3585,Laptops,74.99,40,813
18926,Other Electronics,14.29,10,203
29428,Other Electronics,54.99,30,176
3775,Cameras,69.95,0,507
19562,Other Electronics,14.29,20,263
14962,Phones,23.99,30,1441
3794,Cameras,69.95,5,536
28597,Phones,15.87,0,3983
41647,Printers & Scanners,239.99,5,111
37362,Phones,18.98,30,726
29719,Laptops,38.99,15,231
10882,Other Electronics,49.95,15,137
16001,Headphones,124.99,20,68
6119,Laptops,339.0,20,115
4097,Storage,15.81,20,888
38691,Other Electronics,269.99,5,110
26584,Phones,32.99,10,440
37998,Other Electronics,55.99,10,321
13977,Power & Batteries,25.47,10,22410
9568,Other Electronics,598.0,15,58
21472,Phones,119.99,15,1192
28538,Other Electronics,206.96,40,179
22281,Cameras,49.95,10,114
28210,Headphones,199.95,30,139
36204,Phones,25.99,20,391
28611,Cameras,23.99,0,440
11746,Laptops,43.99,40,314
39587,Laptops,1649.99,30,64
38633,Other Electronics,89.95,30,152
20768,Headphones,124.99,10,54
26496,Power & Batteries,23.26,0,20058
11984,Phones,185.0,10,123
39232,Other Electronics,212.06,0,113
27310,Laptops,269.0,20,152
42230,Phones,179.95,30,2839
38247,Smart Home,184.95,15,116
27991,Speakers,109.99,10,111
35555,TV & Display,29.98,10,323
19120,Laptops,389.99,30,66
14159,Headphones,99.99,40,148
13245,Other Electronics,27.49,30,282
30517,Power & Batteries,16.61,20,1280
39423,Phones,57.99,40,302
4108,Wearables,179.99,5,435
22216,Storage,199.99,10,119
23272,Laptops,39.99,0,100
2148,Other Electronics,109.99,20,1163
36237,Phones,25.99,30,375
4329,Printers & Scanners,209.99,5,319
12211,Laptops,43.99,10,235
17951,Power & Batteries,28.91,10,224
10712,Phones,34.99,30,281
21423,Laptops,39.99,30,150
11356,Storage,26.99,30,308
30729,Chargers & Cables,34.99,15,324
7021,Gaming,119.99,5,314
2993,Phones,19.99,20,2495
20093,Laptops,389.99,30,73
12410,TV & Display,179.99,0,45
26892,Cameras,74.99,10,244
30316,Cameras,23.99,20,486
27981,Laptops,15.96,15,11907
28491,Chargers & Cables,34.99,30,428
19516,Power & Batteries,16.61,40,1572
12995,Power & Batteries,6.95,10,729
14809,Storage,29.99,40,304
36604,Other Electronics,269.99,5,105
21127,Other Electronics,129.94,30,125
12407,Chargers & Cables,579.99,30,66
40109,Chargers & Cables,1099.99,40,57
19468,Laptops,389.99,30,79
34168,Wearables,18.98,30,42981
36747,Laptops,34.99,20,377
18593,Printers & Scanners,27.33,0,213
16306,Printers & Scanners,27.33,30,300
39500,Other Electronics,149.99,30,141
11256,Other Electronics,8.94,15,477
35343,Other Electronics,269.99,20,143
12482,Speakers,149.95,10,107
29514,Laptops,269.0,0,100
40973,Phones,144.0,10,106
31910,Laptops,659.0,10,47
37009,Laptops,321.89,5,48
35430,Other Electronics,269.99,5,84
13093,Chargers & Cables,579.99,10,44
41517,Laptops,79.99,40,320
34616,Other Electronics,212.06,15,112
16147,Power & Batteries,16.61,5,1008
27414,Phones,26.66,5,101
39395,Other Electronics,269.99,5,123
17186,Storage,93.99,5,90
27651,Headphones,199.95,0,126
32227,Other Electronics,54.99,10,111
21151,Other Electronics,129.94,40,153
15098,Chargers & Cables,579.99,40,82
4558,Power & Batteries,16.19,0,1038
3984,Laptops,225.99,20,515
26061,Phones,15.87,40,6474
16561,Laptops,389.99,20,66
18128,Laptops,369.0,40,88
30963,Headphones,199.95,30,139
27159,Chargers & Cables,19.98,20,504
4685,Phones,99.99,0,399
39738,Laptops,139.99,30,146
2507,Networking,59.66,10,1161
21303,Storage,93.99,40,151
2549,Other Electronics,27.49,20,1245
4287,Laptops,599.0,5,111
1329,Chargers & Cables,309.99,20,1266
8626,Printers & Scanners,139.99,15,122
41611,Other Electronics,9.1,5,606
8212,Power & Batteries,16.19,5,1104
31666,Headphones,199.95,5,113
9207,Other Electronics,19.99,40,450
27843,Laptops,131.89,30,281
11139,Other Electronics,119.0,40,103
2044,Networking,159.99,20,1255
744,Power & Batteries,16.19,40,1595
5126,TV & Display,396.97,5,112
5234,Chargers & Cables,9.99,30,736
14324,Networking,89.99,15,95
4444,TV & Display,9.99,0,986
35198,Gaming,179.99,15,119
40369,Other Electronics,12.23,10,540
39352,Phones,13.99,30,569
3180,Laptops,78.99,30,731
37391,Power & Batteries,44.99,5,217
25924,Power & Batteries,16.61,15,1215
1520,Printers & Scanners,279.99,20,770
22105,Headphones,213.0,10,49
19111,Storage,93.99,40,160
37867,Other Electronics,89.95,30,121
25192,Phones,8.99,40,795
8145,Power & Batteries,25.47,15,23964
25081,Other Electronics,475.0,5,48
18234,Other Electronics,129.94,20,117
4213,Chargers & Cables,6.99,5,1082
39603,Smart Home,184.95,10,109
41131,Laptops,429.0,40,89
35214,Power & Batteries,44.99,40,289
15012,Other Electronics,10.6,15,346
4524,Power & Batteries,25.47,40,32476
32178,Phones,49.99,5,3251
20658,Storage,93.99,10,119
24381,Other Electronics,475.0,30,55
37763,Phones,119.99,20,121
35764,Phones,34.99,15,252
7278,TV & Display,129.99,15,255
22509,Power & Batteries,25.47,40,32294
14884,Phones,9.95,10,322
17566,Phones,29.99,40,492
14199,Cameras,122.0,15,107
21647,Laptops,16.87,20,385
17711,Networking,129.99,20,126
31933,Networking,78.99,15,243
16580,Cameras,66.01,5,108
40493,Printers & Scanners,245.0,40,162
3386,Laptops,1499.0,5,97
14013,Other Electronics,10.6,40,472
17327,Cameras,66.01,20,127
41212,Phones,599.95,5,48
4230,Printers & Scanners,32.89,40,1088
3697,Other Electronics,140.49,10,594
23469,Headphones,124.99,0,39
3916,TV & Display,42.99,30,743
17478,Printers & Scanners,27.33,15,218
3415,Power & Batteries,16.19,40,1660
35546,Laptops,949.0,10,60
6564,Other Electronics,32.99,20,638
12755,Chargers & Cables,579.99,0,53
7617,Phones,129.95,30,283
16194,Other Electronics,14.97,40,32344
16650,Printers & Scanners,27.33,20,263
29375,Laptops,145.0,40,147
8496,Phones,239.99,0,88
14680,Phones,185.0,10,114
9986,Phones,46.99,0,179
5550,Other Electronics,42.99,40,1010
35866,Networking,799.99,5,56
11291,Cameras,122.0,10,98
19586,Chargers & Cables,59.95,15,228
34683,Laptops,25.99,20,617
2908,Storage,34.99,5,1130
29154,Power & Batteries,16.61,40,1660
41613,Other Electronics,12.23,15,564
42124,Other Electronics,149.99,0,93
21101,Laptops,59.99,5,1038
14981,Storage,29.99,40,357
26432,Power & Batteries,23.26,15,24034
15701,Headphones,99.99,10,151
36667,Other Electronics,55.99,0,318
40987,Cameras,499.99,15,63
25291,Cameras,49.95,0,116
22887,Power & Batteries,25.47,15,23541
39861,Power & Batteries,23.26,20,25594
19826,Chargers & Cables,59.95,10,224
35433,Power & Batteries,44.99,5,209
5753,Other Electronics,19.99,15,643
27934,Speakers,69.99,0,290
36492,Phones,13.99,10,442
24570,Laptops,16.87,5,311
12265,Phones,9.95,0,308
12180,Headphones,99.99,10,105
36449,Other Electronics,12.23,0,470
37287,Phones,57.99,40,4938
23354,Phones,48.62,30,142
14569,Other Electronics,40.99,30,122
18876,Headphones,124.99,10,64
26368,Other Electronics,7.29,40,802
3546,Power & Batteries,25.47,5,21432
4279,Other Electronics,14.89,5,1066
12780,Other Electronics,33.9,0,85
26210,Power & Batteries,23.26,10,22705
3759,Power & Batteries,25.47,40,32290
22555,Laptops,16.87,15,362
6337,Other Electronics,5.51,30,1463
32576,Laptops,29.99,40,305
30417,Power & Batteries,7.79,5,507
1297,Other Electronics,12.22,40,6484
7473,Laptops,249.0,30,146
18605,TV & Display,24.99,15,231
27573,Power & Batteries,23.26,15,23987
7382,Laptops,49.99,20,1284
25346,Power & Batteries,17.99,0,90219
23740,Storage,59.99,0,91
23911,Headphones,124.99,0,40
5520,Phones,18.98,10,1031
31716,Networking,78.99,5,197
16165,Power & Batteries,25.49,40,341
29905,Laptops,145.0,5,110
13710,Other Electronics,659.0,20,68
40198,Printers & Scanners,229.99,30,118
22099,Power & Batteries,16.61,20,1314
7821,Laptops,499.99,20,132
26996,Power & Batteries,40.99,15,278
8302,Power & Batteries,16.19,0,1007
17463,TV & Display,360.95,40,87
6280,Laptops,19.99,10,544
10897,Wearables,149.95,5,65
21840,Storage,199.99,10,100
10649,Chargers & Cables,40.95,0,200
3583,Other Electronics,165.99,0,473
34273,Wearables,699.99,5,47
42073,Chargers & Cables,329.99,15,64
30977,Phones,39.99,30,592
5063,Power & Batteries,55.99,40,804
12422,Storage,29.99,20,244
14325,Other Electronics,10.6,15,363
41465,Chargers & Cables,1099.99,0,62
23297,Phones,119.99,0,1047
32131,Headphones,199.95,40,167
7063,Other Electronics,126.5,15,237
30208,Phones,109.99,20,263
25578,Chargers & Cables,34.99,20,238
12241,Speakers,199.99,0,39
9537,Other Electronics,149.99,30,126
19389,Laptops,349.0,20,71
38248,Other Electronics,12.23,20,603
37156,Laptops,949.0,5,46
40538,Printers & Scanners,229.99,30,156
26984,Laptops,43.99,5,219
5037,Cameras,109.99,10,462
14104,Speakers,149.95,15,124
11725,Power & Batteries,6.95,0,635
9458,Chargers & Cables,15.39,20,359
1582,Cameras,69.95,10,545
37180,Laptops,25.99,5,497
40553,Cameras,89.99,20,280
42546,Laptops,8.99,15,608
22064,Phones,49.99,5,3175
7043,Storage,9.99,30,472
33466,Laptops,269.0,30,159
764,Cameras,69.95,0,483
10025,Networking,499.95,20,58
36291,TV & Display,29.98,10,345
41146,Printers & Scanners,239.99,0,92
24553,Storage,599.99,20,1284
13232,Phones,24.96,20,662
12750,Power & Batteries,112.08,20,132
17309,Cameras,115.3,40,165
4225,Phones,24.99,20,1246
14308,Phones,199.99,20,58
6184,Other Electronics,32.99,0,500
23468,Cameras,269.95,15,150
18325,Power & Batteries,25.49,40,312
17097,Printers & Scanners,27.33,15,229
23131,Storage,199.99,0,96
7765,Phones,49.7,30,582
26218,Laptops,539.99,15,68
28943,Phones,79.95,10,93
2846,Other Electronics,49.99,10,1082
9926,Phones,39.99,30,318
8295,Printers & Scanners,160.64,0,112
23316,Cameras,49.95,10,119
4514,Other Electronics,1500.61,40,71
40882,Other Electronics,12.23,0,509
6541,Phones,119.99,10,1114
4293,Laptops,82.95,5,554
14743,Chargers & Cables,579.99,30,80
30971,Speakers,69.99,30,459
28082,Phones,79.99,30,1445
36829,Phones,27.99,0,296
41059,Cameras,499.99,40,67
30484,Power & Batteries,16.61,20,1318
33951,Cameras,74.99,30,271
39865,Laptops,8.99,40,793
4703,Chargers & Cables,109.99,10,360
42463,Chargers & Cables,329.99,5,51
26872,Other Electronics,77.0,0,88
13558,Power & Batteries,25.99,10,224
42486,Chargers & Cables,1099.99,20,69
30422,Phones,39.99,10,466
12117,Power & Batteries,112.08,40,174
2147,Chargers & Cables,22.99,30,2818
29667,Laptops,97.05,5,218
20623,Printers & Scanners,27.33,40,319
20395,Cameras,115.13,40,178
18295,Printers & Scanners,27.33,30,284
2389,Chargers & Cables,24.99,15,2349
26422,Speakers,109.99,30,143
17377,TV & Display,24.99,15,242
10871,Other Electronics,209.99,30,155
2670,Headphones,99.99,5,1083
40634,Phones,144.0,40,161
2947,Other Electronics,18.99,5,2119
14413,Storage,29.99,0,223
41122,Phones,599.95,30,91
37856,Networking,799.99,40,84
4837,Power & Batteries,16.19,15,1152
25891,Phones,119.99,0,952
20705,Cameras,66.22,10,111
22258,Phones,48.62,5,97
37582,Phones,18.98,0,494
25518,Printers & Scanners,80.05,40,170
15101,TV & Display,179.99,5,53
6172,Phones,119.99,0,980
36149,Other Electronics,12.23,10,538
42389,Laptops,79.99,10,104
7200,Other Electronics,545.0,20,70
341,Headphones,59.99,15,9610
4269,Power & Batteries,25.47,40,32009
32102,Laptops,38.99,20,249
39307,Laptops,321.89,15,64
51,Storage,25.66,10,56185
32863,Power & Batteries,16.61,0,992
11632,Power & Batteries,6.95,40,955
4591,Power & Batteries,16.19,30,1453
8242,Phones,119.99,5,1023
31898,Power & Batteries,7.79,10,585
20564,Other Electronics,13.51,10,439
30980,Networking,78.99,40,338
9730,Cameras,28.99,40,318
36935,Laptops,45.99,0,196
22568,Laptops,24.99,40,484
35209,Phones,18.98,30,759
4123,Phones,579.99,10,133
39017,Other Electronics,89.95,10,123
7850,Networking,143.95,0,214
20391,Chargers & Cables,59.95,40,312
23493,Printers & Scanners,80.05,10,89
2406,Laptops,199.99,15,601
19252,Laptops,349.0,15,63
23060,Printers & Scanners,80.05,30,174
25202,Cameras,269.95,15,106
38003,Phones,27.99,15,363
17995,Cameras,115.0,10,118
22920,Power & Batteries,25.47,5,21220
7363,Phones,32.72,15,554
15213,Phones,185.0,30,143
42510,Chargers & Cables,1099.99,15,59
20647,Printers & Scanners,27.33,10,232
18459,Cameras,66.01,40,178
38395,Phones,119.99,20,128
36367,Phones,25.99,10,345
4387,Phones,29.99,40,1491
31471,Phones,39.99,0,397
5768,Speakers,419.99,30,128
22818,Other Electronics,475.0,15,61
7143,Power & Batteries,25.47,0,19967
25650,Headphones,124.99,15,69
40731,Chargers & Cables,22.99,20,472
13920,Other Electronics,10.6,40,514
38397,Laptops,45.99,5,222
37171,Other Electronics,24.99,20,388
16599,Headphones,124.99,10,63
32268,Power & Batteries,16.61,10,1141
6845,Headphones,184.99,0,106
5764,Smart Home,239.99,0,181
22863,Cameras,269.95,10,116
35581,TV & Display,169.0,30,70
13578,Power & Batteries,6.95,10,692
35104,TV & Display,169.0,10,45
11500,Chargers & Cables,579.99,15,60
35663,Storage,99.99,20,1275
8785,Speakers,48.99,30,307
16352,Storage,93.99,15,119
29764,Other Electronics,54.99,5,118
1405,Phones,41.99,30,4282
2070,Phones,19.99,15,2393
23176,Power & Batteries,16.61,10,1100
35058,Other Electronics,24.99,15,358
30715,Phones,109.99,0,179
11548,Chargers & Cables,579.99,30,90
16784,Other Electronics,129.94,40,148
10534,Cameras,402.0,10,52
26918,Laptops,38.99,20,246
39766,Cameras,369.99,15,61
39468,Laptops,34.99,10,335
2883,Networking,239.99,30,707
21338,Laptops,389.99,40,74
18780,Power & Batteries,25.47,0,20112
8504,Other Electronics,225.13,0,106
1120,Phones,439.0,30,1425
40093,Printers & Scanners,229.99,30,138
3181,TV & Display,189.0,15,341
21011,Phones,199.95,10,108
23472,Laptops,16.87,20,371
19287,Power & Batteries,25.49,40,299
22124,Other Electronics,475.0,30,71
6479,Phones,19.99,30,764
10998,Laptops,104.99,5,99
23571,Phones,48.62,0,93
8229,Chargers & Cables,19.54,5,480
533,Cameras,69.95,40,835
4985,Laptops,253.0,20,255
23613,Phones,8.99,30,685
8719,Other Electronics,699.99,40,77
7403,Power & Batteries,155.99,15,241
20950,Other Electronics,14.29,0,196
37803,Smart Home,184.95,5,110
6491,Chargers & Cables,14.99,0,498
39446,Other Electronics,269.99,5,91
19072,Laptops,389.99,40,89
41570,Other Electronics,149.99,30,144
7038,TV & Display,298.0,10,115
42356,Cameras,89.99,10,192
30804,Cameras,74.99,15,224
40525,Other Electronics,12.23,20,654
23284,Storage,199.99,0,87
13688,Other Electronics,8.78,20,482
22828,Phones,8.99,5,513
7081,Phones,147.99,30,274
16562,Chargers & Cables,59.95,15,235
25433,Storage,199.99,10,90
22179,Phones,49.99,10,3255
13666,Laptops,50.5,15,120
19790,Other Electronics,14.29,40,326
33657,Wearables,18.98,0,29834
30710,Laptops,539.99,20,66
35817,Other Electronics,212.06,5,116
1966,Chargers & Cables,35.99,20,53
1129,Phones,79.95,10,119
9393,Phones,39.99,15,248
15750,TV & Display,179.99,10,50
30169,Printers & Scanners,609.0,30,64
42659,Printers & Scanners,245.0,10,119
34831,Phones,13.99,5,460
8677,Speakers,32.99,0,287
2762,Power & Batteries,6.99,0,3982
31317,Laptops,29.99,30,286
4919,Cameras,69.95,5,524
22269,Printers & Scanners,14.99,15,375
39744,Other Electronics,55.99,20,358
6753,Laptops,174.99,15,234
30481,Power & Batteries,16.61,20,1305
16251,Headphones,124.99,0,43
33161,Laptops,38.99,10,203
21078,Laptops,349.0,40,89
15592,Speakers,149.95,10,115
12206,TV & Display,179.99,30,73
41512,Cameras,89.99,15,234
10286,Cameras,379.0,5,56
22955,Power & Batteries,16.61,20,1317
32486,Laptops,43.99,10,251
9299,Other Electronics,21.99,30,576
36318,Other Electronics,24.99,15,374
638,Other Electronics,10.15,5,9449
20742,Cameras,115.13,0,107
26400,Other Electronics,206.96,5,105
21448,Headphones,213.0,40,76
33056,Laptops,97.05,0,196
36869,Other Electronics,19.88,15,366
30237,Cameras,74.99,5,229
23182,Laptops,39.99,30,127
9476,Cameras,89.0,15,132
40199,Laptops,282.04,0,94
1393,Cameras,69.95,40,796
37229,Phones,13.99,30,527
24511,Headphones,124.99,40,83
6417,Storage,329.99,10,105
29256,Power & Batteries,23.26,30,28861
8140,Other Electronics,219.0,10,124
37031,Smart Home,184.95,30,153
17058,Cameras,66.01,0,91
9288,Laptops,50.99,20,275
30620,Laptops,145.0,20,113
16636,Phones,29.99,10,381
6349,Laptops,124.49,10,245
12074,Chargers & Cables,579.99,40,77
21917,Printers & Scanners,80.05,5,113
28717,Speakers,69.99,30,448
31328,Phones,119.99,30,1432
9443,Other Electronics,17.99,30,423
30511,Speakers,109.99,30,139
9747,Power & Batteries,7.19,5,533
23755,Phones,49.99,40,77
19954,Other Electronics,14.29,10,233
2141,Laptops,16.99,20,12637
25977,Other Electronics,54.99,5,113
29250,Power & Batteries,40.99,0,206
28342,Speakers,69.99,5,325
12948,Chargers & Cables,579.99,40,82
34881,Speakers,32.99,5,187
12987,Chargers & Cables,85.99,5,69
4286,Storage,59.99,40,160
35891,Phones,448.0,15,2400
15639,Other Electronics,269.0,0,44
39025,Laptops,45.99,10,209
38252,TV & Display,29.98,20,379
31907,Phones,179.99,20,118
37477,Laptops,321.89,10,60
28518,Laptops,43.99,15,236
40856,Chargers & Cables,1099.99,40,83
17266,Power & Batteries,16.61,20,1333
21527,Cameras,49.95,5,107
5452,Power & Batteries,16.19,20,1347
17599,Power & Batteries,16.61,0,939
36348,Phones,119.99,0,92
15501,Other Electronics,269.0,10,55
23001,Headphones,124.99,15,56
39832,Other Electronics,12.23,30,717
6827,Chargers & Cables,28.3,30,729
31357,Speakers,109.99,15,110
35609,Laptops,1649.99,20,69
15000,Phones,9.95,15,365
38963,Phones,119.99,40,160
9296,Laptops,27.99,15,362
35960,Cameras,769.0,40,75
297,Phones,24.95,20,12529
41639,Power & Batteries,14.99,0,6059
1016,Phones,49.99,5,2123
9166,Other Electronics,22.99,10,335
34508,TV & Display,169.0,30,76
23997,Cameras,49.95,0,95
31850,Phones,179.99,15,120
21614,Printers & Scanners,14.99,15,315
25026,Power & Batteries,25.47,30,28872
38597,Other Electronics,149.99,20,116
2378,Other Electronics,159.99,10,556
7481,Cameras,69.95,5,549
30411,Headphones,199.95,40,135
40916,Other Electronics,149.99,40,159
10336,Other Electronics,14.99,20,424
41314,Phones,99.99,30,135
16486,TV & Display,24.99,20,276
34669,Smart Home,184.95,5,115
41989,Laptops,8.99,40,812
5617,Speakers,599.0,5,92
6134,Other Electronics,82.0,15,228
3250,Phones,184.99,20,524
19154,Other Electronics,14.29,40,328
30790,Speakers,109.99,0,80
30074,Power & Batteries,7.79,40,802
36858,Phones,119.99,0,116
38430,Smart Home,184.95,20,131
7868,Storage,7.77,5,472
30407,Cameras,74.99,10,215
39375,Other Electronics,212.06,5,129
22316,Laptops,16.87,5,336
10663,Other Electronics,115.68,10,114
21528,Storage,199.99,30,166
33465,Laptops,739.0,5,56
26812,Laptops,269.0,10,113
4642,Other Electronics,67.65,20,510
20757,Storage,93.99,10,116
22194,Phones,23.99,40,1630
25238,Laptops,1899.0,0,43
10134,Other Electronics,195.0,10,137
40490,Printers & Scanners,229.99,5,104
41097,Cameras,59.99,30,292
40562,Laptops,79.99,20,124
20675,TV & Display,24.99,10,268
13686,Laptops,43.99,5,207
12794,Phones,185.0,30,133
29785,Phones,32.99,10,431
7164,Speakers,44.99,20,507
2688,Power & Batteries,16.22,20,2458
16023,Other Electronics,129.94,0,112
31922,TV & Display,79.0,20,140
23365,Power & Batteries,17.99,30,129008
8971,Laptops,29.99,5,339
12958,Other Electronics,27.49,20,241
30381,Headphones,199.95,20,138
32828,Chargers & Cables,19.98,5,417
39248,Other Electronics,89.95,5,108
35616,Other Electronics,269.99,30,165
2432,Chargers & Cables,129.98,20,591
4335,Power & Batteries,9.06,30,2893
12576,Power & Batteries,6.95,20,760
7466,Power & Batteries,16.19,10,1094
40875,Phones,179.95,40,3401
34613,Laptops,499.0,20,63
22623,Storage,199.99,0,102
15178,Other Electronics,40.99,40,146
36847,TV & Display,29.98,40,474
39955,Storage,21.39,0,304
21411,Storage,93.99,0,108
35611,Cameras,769.0,0,47
36068,Other Electronics,12.23,30,695
37371,Other Electronics,12.23,40,779
30457,Wearables,699.99,20,54
32765,Laptops,29.99,10,234
14032,Phones,185.0,30,139
30428,Laptops,145.0,5,108
34738,Laptops,45.99,40,292
9003,Phones,220.0,20,50
32353,Speakers,109.99,15,139
14409,Laptops,43.99,20,248
1895,Laptops,109.0,30,1485
10396,Laptops,33.24,0,313
366,Cameras,69.95,15,611
7641,Laptops,593.01,30,71
10405,Headphones,329.99,20,55
17973,Cameras,115.0,10,111
32689,Speakers,109.99,30,139
9521,Cameras,36.98,10,237
14724,Phones,9.95,15,333
36933,Phones,119.99,5,124
26885,Laptops,269.0,40,163
20330,Cameras,66.22,40,157
13757,Cameras,34.99,30,288
13823,Other Electronics,24.42,15,219
21621,Storage,99.99,10,1193
18489,Laptops,389.99,15,70
6462,Chargers & Cables,15.99,0,976
12721,Power & Batteries,112.08,30,125
7110,Power & Batteries,25.47,0,19866
1713,Phones,249.0,5,531
17043,Printers & Scanners,27.33,15,217
33796,Laptops,43.99,15,239
14719,Phones,199.99,15,68
15003,Speakers,199.99,15,68
8327,Speakers,46.99,5,321
34189,Laptops,269.0,10,110
26983,Laptops,38.99,20,262
21344,Laptops,349.0,5,56
30840,Headphones,199.95,10,130
18935,Cameras,66.01,40,140
6106,Phones,119.99,30,1463
13259,Other Electronics,33.9,10,113
14808,Power & Batteries,6.95,30,839
11306,Laptops,43.99,40,350
33744,Other Electronics,54.99,10,119
38035,Phones,57.99,15,214
22824,Laptops,174.99,5,101
4963,Printers & Scanners,82.99,40,626
37507,Laptops,44.99,10,11195
506,Laptops,149.99,20,3736
4388,Phones,199.99,20,385
8328,Phones,9.99,0,490
22220,Laptops,1899.0,10,67
40975,Other Electronics,24.49,5,414
10950,Phones,349.99,15,51
36259,Power & Batteries,44.99,0,194
8046,Laptops,199.0,10,104
20026,TV & Display,24.99,15,219
6704,Chargers & Cables,31.95,5,540
36580,Phones,13.99,5,428
23531,Cameras,49.95,0,105
3816,Laptops,154.99,0,425
16543,Cameras,115.3,10,119
33835,Laptops,29.99,15,234
17974,Laptops,369.0,40,82
7381,Cameras,69.95,20,659
21910,Power & Batteries,16.61,15,1215
37504,TV & Display,29.98,5,322
7985,Laptops,59.99,40,495
1778,Laptops,269.0,5,554
28689,Power & Batteries,40.99,40,327
27783,TV & Display,79.0,10,109
29843,Laptops,145.0,20,126
6166,Storage,189.99,30,318
12494,Phones,185.0,10,118
42334,Chargers & Cables,329.99,5,42
33640,Headphones,199.95,40,170
41068,Laptops,429.0,5,62
32089,Phones,49.97,15,3495
3331,Cameras,69.95,20,615
37143,Laptops,34.99,15,375
38892,Other Electronics,12.23,15,625
2994,Laptops,123.19,10,570
33119,Laptops,131.89,15,232
31781,Power & Batteries,40.99,0,198
40840,Printers & Scanners,229.99,0,119
8215,Gaming,89.95,15,222
21360,Power & Batteries,25.47,20,25762
6934,Phones,54.99,15,339
5852,Gaming,169.99,5,322
10370,Cameras,88.99,5,112
3566,Phones,25.99,20,1249
24395,Phones,119.99,10,1108
35965,Other Electronics,269.99,0,111
12733,Other Electronics,27.49,0,191
22589,Laptops,16.87,10,318
16887,Cameras,66.01,15,135
35250,Other Electronics,55.99,20,354
38268,Laptops,45.99,40,330
3446,Phones,119.99,30,1426
33288,Other Electronics,54.99,30,152
5476,Other Electronics,11.99,15,1183
8646,Laptops,44.99,10,338
11813,Laptops,11.99,20,12790
41053,Other Electronics,12.23,0,545
5081,Smart Home,129.99,40,511
31997,Wearables,699.99,0,58
32500,Other Electronics,7.29,15,591
1426,Cameras,69.95,5,529
33594,Power & Batteries,23.26,10,22952
42194,Phones,599.95,30,59
10186,Laptops,429.0,10,41
8419,Phones,24.99,40,624
22526,Headphones,124.99,15,58
20933,Storage,93.99,10,120
34592,TV & Display,169.0,0,46
14513,Other Electronics,33.9,15,129
22857,Laptops,39.99,0,99
31692,Laptops,539.99,20,73
23428,Printers & Scanners,80.05,20,126
30043,Phones,179.95,5,9470
38467,Networking,89.99,10,102
10050,Phones,23.99,20,1290
1046,Laptops,162.0,10,1191
10140,TV & Display,179.99,0,100
35275,Speakers,32.99,15,263
3640,Phones,79.99,20,878
31786,Phones,79.95,15,138
18264,Cameras,115.13,40,144
36103,TV & Display,169.0,20,76
37857,Power & Batteries,23.26,10,22514
8813,Speakers,63.96,40,328
17884,Storage,93.99,20,145
33925,Laptops,38.99,30,293
12942,Chargers & Cables,12.8,20,413
23214,Printers & Scanners,14.99,0,343
37549,Phones,119.99,5,107
25512,Power & Batteries,25.47,0,19957
32428,Headphones,199.95,15,122
6630,Laptops,249.99,10,113
265,Laptops,29.96,40,16204
333,Phones,27.99,10,11404
4272,Cameras,69.0,20,611
7835,Cameras,370.0,10,122
22248,Cameras,49.95,40,172
35466,Gaming,179.99,5,101
24815,Laptops,24.99,5,302
25418,Headphones,213.0,20,54
10737,Phones,170.99,20,126
39540,Phones,13.99,15,519
12524,Phones,185.0,20,127
25885,Chargers & Cables,19.98,0,420
34719,Power & Batteries,44.99,0,192
24877,Storage,249.95,0,44
14406,Other Electronics,659.0,5,48
24547,Laptops,24.99,30,413
39899,Other Electronics,169.95,10,125
27254,Phones,29.99,40,158
17634,Chargers & Cables,59.95,15,225
11181,Power & Batteries,112.08,20,120
14252,Networking,89.99,15,116
8395,Laptops,5.99,5,539
31140,Power & Batteries,23.26,20,25733
19944,Laptops,389.99,20,56
16415,Laptops,369.0,5,56
27645,Laptops,539.99,10,54
28037,Laptops,539.99,20,68
13004,Phones,23.99,10,1110
4140,Cameras,1798.0,5,104
40848,Phones,39.95,15,401
24035,Headphones,124.99,20,59
27435,Laptops,29.99,30,286
836,TV & Display,149.99,40,3289
24456,Cameras,119.99,10,118
16198,Power & Batteries,25.49,20,257
14998,Other Electronics,40.99,10,99
36248,Networking,89.99,20,143
36216,Other Electronics,24.99,40,502
3482,Power & Batteries,16.19,20,1266
14134,Other Electronics,40.99,20,139
6381,Other Electronics,199.0,15,241
34550,Laptops,45.99,30,288
13810,Phones,49.99,20,292
4105,Power & Batteries,16.19,10,1107
6578,Power & Batteries,16.19,15,1237
32751,Power & Batteries,23.26,40,32405
26755,Laptops,97.0,0,186
23140,Phones,48.62,10,91
32001,Phones,109.99,10,227
19344,Power & Batteries,25.47,30,28794
9499,Other Electronics,48.3,0,212
15299,Power & Batteries,6.95,15,692
28397,TV & Display,79.0,20,149
30257,Laptops,539.99,10,65
41700,Phones,219.99,40,159
1040,Storage,134.99,30,2805
28481,Phones,32.99,40,702
37625,Phones,34.99,30,273
19746,TV & Display,24.99,30,318
15022,Other Electronics,40.99,0,105
1344,Laptops,1799.99,20,372
30222,Chargers & Cables,34.99,15,309
30608,Phones,39.99,10,474
406,Laptops,229.99,30,5700
2601,Power & Batteries,25.47,40,32338
6660,Laptops,204.99,40,151
40359,Phones,179.95,20,2504
40405,Laptops,429.0,20,58
41882,Chargers & Cables,329.99,5,53
3480,Power & Batteries,25.47,30,28533
5189,Cameras,69.95,0,491
1587,Power & Batteries,5.59,20,7640
31481,Laptops,145.0,15,123
37824,Laptops,25.99,5,523
3409,Cameras,24.99,20,1289
34608,Other Electronics,269.99,30,146
17155,Storage,93.99,30,141
29312,Laptops,634.99,20,58
29324,Cameras,23.99,40,649
26660,Phones,79.95,40,173
22674,Printers & Scanners,14.99,15,367
16626,Printers & Scanners,27.33,5,240
29010,Power & Batteries,23.26,40,32445
38860,Phones,13.99,30,551
6098,Storage,32.99,5,562
17125,Power & Batteries,28.91,0,226
38927,Other Electronics,55.99,20,381
42054,Headphones,59.0,30,450
42090,Phones,39.95,0,326
25601,Phones,119.99,5,1130
1492,Cameras,56.99,0,2023
29669,Networking,143.95,15,219
19924,Chargers & Cables,59.95,10,208
24346,Storage,119.99,15,57
28636,Laptops,539.99,5,56
20697,Power & Batteries,28.91,15,240
31840,Speakers,69.99,30,434
30322,Other Electronics,77.0,5,108
34478,TV & Display,169.0,15,56
36240,Gaming,179.99,20,125
4640,Storage,419.99,40,331
8401,Cameras,174.21,20,132
11268,Chargers & Cables,12.8,15,348
41920,Other Electronics,9.1,40,920
1936,Power & Batteries,16.19,40,1638
9815,Cameras,439.95,30,68
14124,Other Electronics,10.6,30,453
10176,Other Electronics,14.87,0,286
19515,Power & Batteries,25.47,30,28545
11189,TV & Display,179.99,5,63
40818,Chargers & Cables,22.99,20,523
30358,Laptops,269.0,5,103
34596,Power & Batteries,23.26,20,25433
11729,Power & Batteries,25.99,10,240
22916,Laptops,24.99,30,442
36272,Networking,89.99,15,137
23558,Cameras,49.95,20,128
34606,Phones,18.98,15,592
4054,Cameras,69.95,10,520
14859,Storage,29.99,5,205
19417,Other Electronics,129.94,15,112
12390,Other Electronics,8.94,20,520
639,Power & Batteries,10.99,10,11271
8296,Other Electronics,179.99,20,142
33269,Other Electronics,206.96,10,118
31649,Power & Batteries,40.99,30,323
35720,Phones,27.99,40,504
8879,Chargers & Cables,69.99,40,358
37622,Networking,799.99,30,78
948,Printers & Scanners,284.99,30,1427
35957,Networking,89.99,30,153
41840,Chargers & Cables,22.99,40,629
1763,TV & Display,124.99,30,1435
16274,Other Electronics,129.94,10,107
32682,Laptops,29.99,20,265
33392,Networking,143.95,15,245
13554,Power & Batteries,6.95,5,653
34941,Laptops,45.99,5,230
32803,Laptops,269.0,10,105
24908,Cameras,356.99,20,63
19439,Chargers & Cables,59.95,10,220
36763,Other Electronics,212.06,5,90
18769,Storage,93.99,10,103
2907,Storage,22.99,40,3185
37656,Networking,799.99,10,63
41797,Other Electronics,149.99,30,146
10593,Chargers & Cables,129.99,5,106
24919,Cameras,49.95,30,145
34601,Laptops,1649.99,30,72
16332,Chargers & Cables,59.95,15,255
28709,Headphones,199.95,10,99
2654,TV & Display,29.99,15,1184
18314,Laptops,389.99,10,57
30039,Cameras,23.99,20,552
36904,Other Electronics,24.99,40,468
31245,Power & Batteries,23.26,30,28610
42408,Power & Batteries,23.26,10,22531
30693,TV & Display,79.0,10,105
15036,Power & Batteries,25.47,0,19831
6281,Other Electronics,47.49,20,513
8556,Phones,5.99,30,774
23424,Laptops,39.99,20,112
33907,Other Electronics,7.29,15,629
7150,Phones,27.5,15,652
24667,Storage,119.99,40,60
39152,Other Electronics,89.95,10,108
37439,Other Electronics,269.99,40,166
2314,TV & Display,1399.99,40,332
11774,Speakers,199.99,5,43
28683,Laptops,29.99,10,216
26267,Other Electronics,7.29,0,511
38536,Laptops,321.89,10,48
28806,Laptops,43.99,30,275
34313,Cameras,23.99,0,389
31013,Networking,78.99,10,192
19745,Storage,93.99,15,127
19871,Cameras,66.22,30,134
18661,Laptops,349.0,10,60
19469,Chargers & Cables,59.95,30,303
24220,Printers & Scanners,14.99,15,340
946,Phones,167.99,5,1060
35010,Phones,119.99,5,101
21341,Other Electronics,129.94,40,167
34568,TV & Display,169.0,20,62
19281,Cameras,115.13,10,106
41395,Printers & Scanners,229.99,20,136
5329,Phones,119.99,30,1441
36884,Laptops,45.99,10,207
9423,Speakers,229.0,5,97
18589,Other Electronics,129.94,0,101
39123,Networking,89.99,20,135
37566,Networking,799.99,30,59
14111,Headphones,99.99,20,114
12429,Other Electronics,599.0,5,50
23611,Power & Batteries,16.61,5,1019
20991,Cameras,115.03,0,93
970,Phones,549.99,30,746
16128,Other Electronics,129.94,20,137
576,TV & Display,229.97,5,2097
22906,Laptops,16.87,30,427
27877,Power & Batteries,7.79,5,513
28912,Power & Batteries,16.61,0,998
5782,Phones,19.99,0,940
41983,Other Electronics,149.99,15,110
30196,Phones,15.87,10,4443
42176,Laptops,429.0,30,64
25949,Chargers & Cables,19.98,15,524
15983,TV & Display,24.99,0,194
36379,Other Electronics,55.99,30,383
229,Other Electronics,79.96,40,12979
34036,Other Electronics,54.99,5,128
37254,Speakers,32.99,0,208
20408,TV & Display,24.99,20,255
38007,Other Electronics,269.99,5,105
27456,Laptops,539.99,15,56
28158,Other Electronics,7.29,30,716
22003,Headphones,213.0,15,51
24104,Storage,199.99,15,109
3177,Speakers,399.99,30,443
11860,Other Electronics,659.0,5,54
9100,Printers & Scanners,37.99,40,484
20328,Storage,93.99,10,112
40850,Other Electronics,9.1,10,650
29127,Laptops,539.99,10,60
1127,Storage,18.99,30,5618
24316,Storage,199.99,0,86
35454,Laptops,25.99,40,810
35776,Laptops,45.99,0,204
37580,Phones,27.99,30,426
18923,Printers & Scanners,27.33,20,263
34040,Other Electronics,7.29,5,495
3895,Chargers & Cables,199.86,20,369
17036,Laptops,389.99,30,75
2510,Cameras,649.0,30,451
41839,Laptops,282.04,40,153
18624,Storage,93.99,0,89
30227,Networking,78.99,5,220
5784,Printers & Scanners,449.99,15,99
39134,Power & Batteries,44.99,40,327
11200,Power & Batteries,6.95,5,627
24076,Other Electronics,475.0,0,42
5755,Cameras,40.0,40,802
2569,Power & Batteries,16.19,15,1171
38560,Other Electronics,212.06,40,161
23527,Printers & Scanners,80.05,15,113
24950,Laptops,1899.0,5,41
11871,Power & Batteries,25.47,30,28503
38733,Networking,89.99,40,157
29128,Wearables,699.99,10,56
31239,Phones,109.99,0,179
15076,Phones,199.99,0,53
37716,Networking,799.99,10,51
22127,Laptops,24.99,20,362
25072,Cameras,49.95,20,117
8329,Chargers & Cables,58.73,0,190
17275,Cameras,115.3,10,117
24365,Power & Batteries,25.47,10,22359
23410,Other Electronics,475.0,15,56
12371,Laptops,50.5,30,145
8389,Other Electronics,25.99,20,390
8977,Chargers & Cables,7.76,20,638
26315,Printers & Scanners,609.0,15,54
38732,Other Electronics,55.99,5,324
9787,Cameras,99.99,40,308
27875,Other Electronics,77.0,20,126
5365,Other Electronics,20.91,15,639
37498,Other Electronics,212.06,10,109
13585,Phones,49.99,5,229
16914,Storage,93.99,40,166
23288,Laptops,1899.0,0,57
2865,Networking,145.99,10,595
38914,Laptops,45.99,5,208
26742,Laptops,499.0,30,76
19090,Storage,93.99,15,134
36750,Networking,89.99,30,138
37499,Smart Home,184.95,10,111
18984,Storage,93.99,30,140
7391,Phones,49.99,5,420
9558,Phones,24.96,0,506
9258,Phones,89.99,30,126
489,Power & Batteries,59.94,10,5602
35461,Networking,799.99,40,92
28474,Wearables,699.99,10,43
26004,Laptops,29.99,20,240
27507,Power & Batteries,23.26,30,28687
9702,Phones,89.99,40,145
19699,Other Electronics,14.29,5,215
39454,Other Electronics,212.06,5,104
7139,Chargers & Cables,39.99,20,515
12007,Phones,9.95,40,492
27466,Other Electronics,77.0,30,135
13834,Laptops,259.0,15,67
20894,Power & Batteries,25.49,40,316
2916,Phones,349.99,15,362
2272,Cameras,69.95,20,625
37115,Networking,799.99,10,58
17674,TV & Display,24.99,0,206
7802,Phones,133.99,15,558
42673,Chargers & Cables,15.98,30,694
11033,TV & Display,169.0,0,58
5228,Other Electronics,99.99,5,443
9289,Cameras,35.99,5,208
38484,Laptops,139.99,15,109
25231,Phones,119.99,10,1136
23855,Phones,48.62,5,95
39841,Laptops,79.99,0,212
12302,Chargers & Cables,12.8,10,358
30950,Phones,23.99,15,1272
3875,Laptops,49.99,5,1077
13720,Power & Batteries,25.99,15,245
5113,Laptops,78.49,40,780
17014,Cameras,115.3,10,114
34905,Power & Batteries,23.26,10,22656
11442,Phones,24.96,10,530
40516,Printers & Scanners,245.0,20,127
28727,Phones,179.99,30,164
26687,Other Electronics,7.29,20,662
37425,Power & Batteries,23.26,0,19946
17639,Laptops,369.0,10,47
9367,Cameras,49.0,30,291
13420,Other Electronics,40.99,10,131
19760,Laptops,349.0,30,76
41305,Laptops,429.0,5,54
42302,Printers & Scanners,239.99,0,98
31650,Speakers,109.99,30,144
31925,Power & Batteries,7.79,0,478
40832,Chargers & Cables,1099.99,15,53
258,Phones,61.99,10,7936
34072,Power & Batteries,40.99,5,216
12291,Storage,26.99,15,231
4367,Other Electronics,69.0,30,690
10078,Other Electronics,21.6,20,372
27791,Phones,39.99,30,560
25587,Cameras,49.95,40,181
12050,Phones,199.99,10,50
34403,Wearables,699.99,30,67
34051,Other Electronics,206.96,0,112
3043,Phones,119.99,30,1390
28854,TV & Display,45.99,10,113
33615,Laptops,29.99,10,247
26173,Other Electronics,7.29,20,674
38841,Phones,448.0,5,2122
30061,Laptops,539.99,5,57
8963,Phones,209.99,5,205
18195,Power & Batteries,28.91,15,207
24880,Power & Batteries,16.61,5,1057
19916,Cameras,66.22,15,118
33555,Speakers,109.99,30,130
4010,Cameras,149.95,20,637
4510,Speakers,104.99,10,551
15439,Storage,26.99,15,211
8776,Phones,149.95,30,256
41464,Cameras,89.99,20,267
42606,Other Electronics,169.95,15,127
10458,Power & Batteries,25.47,40,32310
20409,Cameras,66.22,20,137
8937,Laptops,596.9,40,77
27966,Power & Batteries,23.26,30,28736
20475,Power & Batteries,25.49,40,347
23988,Printers & Scanners,14.99,5,333
7439,Power & Batteries,89.99,40,515
75,Laptops,21.44,5,42484
41790,Other Electronics,12.23,30,668
27771,Wearables,699.99,40,99
6663,Other Electronics,78.92,20,388
8736,Other Electronics,169.0,40,141
7056,Phones,29.99,40,666
35476,Cameras,769.0,0,46
20286,Cameras,130.0,20,107
6075,Power & Batteries,25.47,15,23830
14356,Phones,199.99,20,79
1200,Laptops,349.99,30,1424
28834,Other Electronics,77.0,10,108
31225,Phones,39.99,0,408
12811,TV & Display,179.99,20,45
16236,Power & Batteries,25.47,0,20022
5957,TV & Display,47.99,0,502
27294,Wearables,699.99,40,73
8034,Chargers & Cables,13.52,20,377
39088,Phones,13.99,20,512
34863,Phones,27.99,5,346
5161,TV & Display,288.48,20,229
27213,Headphones,199.95,20,149
12035,Phones,185.0,5,107
29587,Other Electronics,206.96,5,89
5399,Networking,329.99,10,130
32258,Power & Batteries,7.79,40,822
2084,Cameras,69.95,20,643
6270,Phones,119.99,15,1222
8682,Wearables,679.0,0,49
12396,Power & Batteries,25.47,30,28485
27688,Speakers,109.99,5,100
5361,Power & Batteries,25.47,30,28474
5429,Other Electronics,24.19,20,851
16584,Power & Batteries,25.47,15,23825
18299,Power & Batteries,25.49,0,190
24042,Laptops,24.99,20,410
32199,Power & Batteries,40.99,15,244
19035,Storage,93.99,40,158
29101,Wearables,699.99,0,53
9141,Other Electronics,130.0,15,112
33659,Laptops,44.99,5,10465
3511,Cameras,69.95,20,636
24691,Other Electronics,475.0,15,54
33333,Other Electronics,82.99,15,114
33219,Cameras,23.99,20,498
15207,Other Electronics,40.99,0,115
41551,Printers & Scanners,245.0,20,126
38669,Laptops,139.99,15,135
39641,Cameras,49.99,30,323
7591,Phones,172.9,40,156
7263,Phones,36.99,10,454
31329,Power & Batteries,23.26,30,28632
19658,Chargers & Cables,59.95,0,210
6344,Laptops,36.11,15,647
13931,Headphones,99.99,10,104
16247,Laptops,369.0,40,57
40817,Laptops,282.04,0,86
32037,Cameras,23.99,30,589
10528,Laptops,149.99,5,48
40509,Laptops,79.99,20,240
14301,Other Electronics,10.6,0,274
22908,Storage,199.99,0,91
20202,Phones,119.99,15,1252
6384,Laptops,329.0,10,108
36950,Networking,799.99,30,69
4913,Phones,68.99,0,497
35758,Other Electronics,19.88,20,423
33083,Phones,39.99,0,403
487,Laptops,119.99,0,3940
24049,Power & Batteries,17.99,15,107447
34665,Laptops,949.0,0,42
2329,Other Electronics,299.0,10,571
39718,Laptops,34.99,15,353
15548,Headphones,99.99,5,108
21885,Printers & Scanners,14.99,40,443
14458,Chargers & Cables,579.99,5,61
540,Storage,251.99,40,3294
36260,Phones,57.99,30,263
261,Other Electronics,10.7,30,28568
12184,Speakers,199.99,30,79
13504,Laptops,50.5,15,120
7772,Cameras,39.57,10,558
25282,Power & Batteries,16.61,15,1154
42059,Storage,21.39,15,319
38406,Power & Batteries,23.26,40,32146
4516,Cameras,869.0,15,233
30258,Wearables,699.99,15,69
40416,Phones,219.99,0,120
8255,Speakers,204.98,30,144
15141,Power & Batteries,112.08,30,149
2042,Chargers & Cables,19.99,40,3256
17830,Laptops,389.99,20,46
7505,Laptops,79.99,5,214
41239,Cameras,499.99,30,59
19731,Printers & Scanners,27.33,40,307
5794,Cameras,69.95,10,551
17296,Phones,119.99,0,963
33961,Power & Batteries,7.79,5,553
5150,Printers & Scanners,219.99,20,381
35561,Phones,119.99,15,126
6038,Laptops,115.78,20,492
22274,Printers & Scanners,80.05,5,108
6562,Laptops,239.0,30,275
1071,Printers & Scanners,44.99,5,3112
18490,Chargers & Cables,59.95,40,318
6305,Power & Batteries,69.99,0,531
41659,Laptops,282.04,40,163
37194,Other Electronics,89.95,0,105
37773,Laptops,25.99,10,530
25944,Other Electronics,54.99,15,124
33135,Cameras,23.99,30,548
21283,Chargers & Cables,59.95,30,321
14380,TV & Display,179.99,20,70
27602,Phones,238.0,15,68
32784,Laptops,739.0,20,66
32526,TV & Display,79.0,15,112
11589,Other Electronics,599.0,40,81
7939,Phones,119.99,5,1048
10071,Phones,9.75,5,416
4604,Headphones,21.13,15,1250
42377,Other Electronics,12.23,10,556
5781,Cameras,61.99,5,539
38013,Smart Home,184.95,10,133
7621,Power & Batteries,16.19,5,1136
26465,Phones,26.66,30,147
15310,Laptops,29.95,40,94
15890,Networking,89.99,0,105
39288,Laptops,34.99,0,279
1121,Laptops,90.89,40,3309
39054,Laptops,559.0,30,60
40606,Printers & Scanners,229.99,15,123
12548,Other Electronics,27.49,20,243
12108,Power & Batteries,6.95,40,962
13017,Other Electronics,40.99,0,89
19798,Storage,93.99,5,107
37023,Phones,18.98,5,571
11733,Power & Batteries,112.08,0,107
8240,Laptops,89.99,0,186
32601,Cameras,23.99,20,521
2263,Laptops,296.99,0,496
40273,Printers & Scanners,229.99,15,129
2007,Phones,229.99,20,659
29237,Laptops,38.99,30,294
23226,Cameras,49.95,30,135
17261,Phones,29.99,40,454
34066,Laptops,29.99,0,187
15858,Speakers,199.99,5,65
5321,Phones,9.98,30,1458
37160,Smart Home,184.95,0,102
41773,Other Electronics,169.95,15,128
20508,Cameras,66.22,15,126
16848,Power & Batteries,28.91,5,229
6882,TV & Display,36.99,20,517
14042,Phones,24.96,5,543
4789,Phones,102.99,40,806
12432,Power & Batteries,112.08,40,160
41754,Other Electronics,24.49,40,646
4868,Phones,119.99,0,1030
39136,Other Electronics,212.06,5,97
8320,Phones,19.99,20,402
11992,Phones,23.99,10,1130
11235,Power & Batteries,25.47,5,21175
25676,Storage,199.99,40,152
38009,Laptops,949.0,30,80
23130,Cameras,49.95,20,119
27827,Phones,179.95,10,10103
8306,Laptops,34.99,20,379
5669,Gaming,189.99,20,393
34653,Laptops,99.99,40,347
38750,Laptops,139.99,30,127
20162,Other Electronics,14.29,40,340
15352,Other Electronics,40.99,10,108
23756,Phones,79.99,5,1060
14602,Power & Batteries,25.99,10,231
29292,Cameras,74.99,5,245
8734,Phones,139.99,30,95
33665,Other Electronics,206.96,20,126
36286,Smart Home,184.95,5,105
27839,Phones,109.99,15,237
38149,Other Electronics,20.95,10,351
5834,Laptops,119.99,10,358
37739,Laptops,949.0,0,52
27628,Other Electronics,77.0,20,123
41312,Laptops,649.99,20,121
22267,Phones,8.99,30,693
19606,Laptops,389.99,5,57
39650,Other Electronics,24.99,30,477
17469,Chargers & Cables,59.95,30,308
39695,Laptops,99.99,15,243
17493,Storage,6.5,20,638
13213,Other Electronics,40.99,15,101
7599,Other Electronics,139.99,0,198
30224,Phones,39.99,10,444
27471,Chargers & Cables,34.99,30,450
16237,Power & Batteries,16.61,30,1397
4187,Storage,59.99,15,128
5369,Laptops,489.99,40,162
21890,Printers & Scanners,80.05,20,124
7052,Cameras,23.99,10,580
29954,Power & Batteries,40.99,30,268
30978,Networking,143.95,15,230
26598,Laptops,145.0,15,104
32234,Phones,238.0,5,48
7949,Laptops,246.0,10,66
4359,Power & Batteries,25.47,15,24078
31915,Cameras,74.99,5,220
32181,Other Electronics,206.96,40,158
25733,Cameras,269.95,20,128
39567,Laptops,45.99,15,218
36730,Laptops,45.99,5,218
7733,Chargers & Cables,1099.99,40,101
5073,Power & Batteries,25.47,5,21152
7066,Cameras,54.59,10,440
3597,Cameras,99.99,40,649
19200,Cameras,115.13,30,155
7320,Other Electronics,49.99,5,330
35601,Phones,25.99,40,479
9774,Phones,105.0,15,149
36243,Phones,29.99,0,98
3435,Power & Batteries,159.99,20,627
40988,Other Electronics,149.99,15,96
27193,Phones,23.99,15,1191
8241,Phones,54.95,20,271
29307,Phones,39.99,20,508
27938,Chargers & Cables,34.99,5,326
18508,Cameras,66.01,15,111
8074,Laptops,79.99,5,175
23673,Laptops,39.99,10,106
22224,Laptops,24.99,5,320
36842,Smart Home,184.95,10,127
2980,Other Electronics,69.99,30,1415
4405,Laptops,22.99,0,989
34534,Power & Batteries,44.99,15,248
13584,Cameras,122.0,40,164
25767,Laptops,16.87,10,320
24311,Laptops,16.87,0,334
31734,Phones,32.99,20,519
14563,Speakers,149.95,30,127
8623,Other Electronics,24.99,40,472
18412,TV & Display,24.99,5,197
13963,Storage,26.99,0,195
25535,Phones,48.62,10,115
42443,Laptops,429.0,15,55
26001,Laptops,43.99,30,309
25441,Laptops,24.99,20,351
20253,Laptops,389.99,20,60
16992,Other Electronics,14.29,0,194
42570,Power & Batteries,23.26,40,32367
34659,Phones,27.99,0,284
22379,Storage,199.99,5,116
11959,Phones,24.96,40,764
38931,Cameras,769.0,40,86
20876,Cameras,66.22,20,131
29833,Speakers,109.99,30,151
40400,Chargers & Cables,1099.99,30,67
35335,Networking,89.99,20,117
6867,TV & Display,43.99,5,459
7478,Printers & Scanners,53.49,15,354
13914,Cameras,122.0,5,110
37691,Phones,25.99,40,448
17031,Power & Batteries,25.47,10,22668
32115,Power & Batteries,40.99,10,241
16095,Cameras,66.01,0,105
24138,Other Electronics,475.0,5,55
1969,Power & Batteries,16.19,5,1047
5868,TV & Display,99.95,30,667
38475,Other Electronics,269.99,0,101
19679,Cameras,66.22,30,144
6181,Laptops,829.99,40,78
42516,Laptops,8.99,15,587
21499,Phones,12.74,5,342
8731,Headphones,226.0,30,74
30976,Laptops,97.05,20,251
84,Laptops,166.62,30,14118
33725,Phones,179.95,5,9376
18421,Other Electronics,129.94,15,129
39904,Printers & Scanners,245.0,5,110
31009,Laptops,97.05,20,269
23620,Printers & Scanners,80.05,10,119
29240,Phones,129.99,40,735
38577,Other Electronics,24.99,10,319
34239,Other Electronics,82.99,15,117
24384,Laptops,24.99,15,358
40505,Cameras,89.99,20,249
24698,Phones,85.0,30,1044
25870,Laptops,43.99,10,244
8579,Other Electronics,1095.0,10,46
7398,Power & Batteries,25.47,10,22411
39771,Other Electronics,149.99,10,99
1935,Power & Batteries,25.47,20,25626
31804,Power & Batteries,23.26,15,24059
13172,Other Electronics,269.0,15,67
6958,Other Electronics,16.33,0,520
31201,Speakers,109.99,40,188
36353,Phones,13.99,30,571
5718,Phones,219.0,15,256
9087,Storage,64.95,40,304
497,TV & Display,179.99,40,4918
2568,Power & Batteries,25.47,10,22536
36391,Headphones,129.99,5,1097
37397,Laptops,139.99,10,125
27792,Power & Batteries,16.61,10,1095
33006,Cameras,74.99,15,229
31056,Phones,109.99,0,169
15460,Other Electronics,40.99,20,139
14597,Other Electronics,8.78,40,625
19471,Other Electronics,129.94,5,107
31237,Cameras,74.99,30,284
12825,Power & Batteries,25.47,5,21286
6464,Phones,49.99,0,377
32710,Speakers,69.99,10,333
28620,Laptops,269.0,20,130
31368,Other Electronics,206.96,20,115
42307,Chargers & Cables,329.99,20,65
7694,Other Electronics,569.95,30,72
25673,Cameras,269.95,15,125
3891,Power & Batteries,25.47,10,22440
18116,Cameras,66.01,5,109
5116,Laptops,139.99,5,217
34693,Phones,34.99,10,239
10262,Networking,26.99,5,216
31390,Speakers,109.99,15,120
32800,Other Electronics,77.0,20,130
10010,Laptops,178.49,40,80
5708,Cameras,39.95,5,531
9615,Laptops,34.99,15,237
35103,Gaming,179.99,20,122
39251,Phones,119.99,30,128
18071,Chargers & Cables,59.95,30,301
33255,Laptops,269.0,10,121
3424,Other Electronics,19.55,10,1134
29487,Power & Batteries,40.99,40,308
9208,Laptops,274.99,40,145
8573,Phones,31.99,15,466
26817,Power & Batteries,23.26,30,28505
582,Phones,69.0,30,11257
22705,Phones,8.99,30,788
30022,Networking,78.99,15,237
3054,Chargers & Cables,8.93,15,2414
40970,Laptops,282.04,5,99
2841,Laptops,189.99,30,584
28722,Laptops,97.0,40,304
3380,Power & Batteries,25.99,10,6780
13364,Other Electronics,10.6,5,294
11584,Power & Batteries,6.95,5,650
11126,Other Electronics,50.37,30,150
1446,TV & Display,21.99,20,3946
30736,Power & Batteries,16.61,15,1211
26086,Speakers,69.99,5,362
42461,Phones,599.95,20,58
